日期,开盘,最高,最低,收盘,成交量,成交额,换手率,涨跌幅
2023-07-18,66.1,85.93,66.0,76.6,16403761,1225759937.73,82.1747,63.7802
2023-07-19,72.0,87.6,70.8,83.48,12789201,1000967634.67,64.0675,8.9817
2023-07-20,81.1,84.9,76.8,79.5,8200738,658697145.84,41.0816,-4.7676
2023-07-21,78.88,83.8,75.76,78.0,7481938,595448290.56,37.4808,-1.8868
2023-07-24,77.0,86.77,77.0,83.2,7372754,606743660.21,36.9338,6.6667
2023-07-25,85.6,86.6,76.32,83.18,6608520,532911006.42,33.1054,-0.024
2023-07-26,85.95,89.88,84.46,84.88,4373048,378868856.98,21.9068,2.0438
2023-07-27,82.5,86.92,81.98,82.86,3162405,266240899.19,15.8421,-2.3798
2023-07-28,83.41,84.34,76.9,79.05,4267376,339275925.08,21.3774,-4.5981
2023-07-31,76.88,83.35,75.5,82.1,2920327,232832158.04,14.6294,3.8583
2023-08-01,81.53,94.68,78.58,90.3,3299030,285493985.75,16.5265,9.9878
2023-08-02,87.9,108.0,87.13,101.9,4005454,392577668.49,20.0653,12.8461
2023-08-03,101.3,106.0,96.01,99.39,4136606,411380482.13,20.7223,-2.4632
2023-08-04,98.02,98.81,94.68,96.2,3209556,309195520.82,16.0783,-3.2096
2023-08-07,97.2,98.37,91.2,94.75,2469963,233802352.98,12.3733,-1.5073
2023-08-08,93.79,94.99,89.0,89.61,2784638,255560930.94,13.9496,-5.4248
2023-08-09,89.0,89.9,82.88,85.0,3751567,321063880.31,18.7935,-5.1445
2023-08-10,83.98,90.6,83.98,89.07,3144623,276647770.57,15.753,4.7882
2023-08-11,87.94,90.45,85.08,86.29,1999083,174903495.77,10.0144,-3.1211
2023-08-14,86.0,86.7,83.37,85.0,1349597,115052510.58,6.7608,-1.495
2023-08-15,87.1,88.83,82.06,83.0,1508797,129028321.88,7.5583,-2.3529
2023-08-16,82.4,84.0,79.87,80.33,1679823,136802527.6,8.4151,-3.2169
2023-08-17,80.0,83.69,79.96,81.9,1767279,144897201.42,8.8532,1.9544
2023-08-18,84.3,88.35,84.3,84.91,2327128,201147718.15,11.6577,3.6752
2023-08-21,84.17,86.29,82.0,83.04,1363413,113843199.39,6.83,-2.2023
2023-08-22,83.04,85.3,80.02,85.1,1423821,118375012.91,7.1326,2.4807
2023-08-23,83.36,83.36,78.0,78.74,1547241,123871872.96,7.7509,-7.4736
2023-08-24,79.5,85.33,76.7,83.2,1575816,128978505.59,7.8941,5.6642
2023-08-25,81.21,83.7,75.04,77.33,1432538,113021952.54,7.1763,-7.0553
2023-08-28,81.9,82.9,74.27,75.99,1809067,141098579.28,9.0625,-1.7328
2023-08-29,74.63,81.98,73.99,81.6,2779118,218494234.55,13.922,7.3826
2023-08-30,81.8,87.9,81.8,83.01,3124947,264110425.33,15.6544,1.7279
2023-08-31,82.0,88.27,80.25,87.5,2872816,245954802.49,14.3914,5.409
2023-09-01,88.0,96.32,87.53,88.68,3784585,347056209.01,18.9589,1.3486
2023-09-04,89.15,90.9,85.35,89.9,2376721,208870972.07,11.9062,1.3757
2023-09-05,89.0,92.28,88.23,90.2,1917973,172580983.75,9.6081,0.3337
2023-09-06,88.22,92.7,88.22,91.86,1407720,128062487.67,7.052,1.8404
2023-09-07,90.35,90.8,86.0,88.2,1277946,113189836.51,6.4019,-3.9843
2023-09-08,89.47,94.62,87.0,92.1,1863502,170978252.74,9.3352,4.4218
2023-09-11,91.46,91.5,88.18,90.96,1296666,116159019.75,6.4956,-1.2378
2023-09-12,89.58,92.0,86.61,87.2,1105412,98621487.45,5.5376,-4.1337
2023-09-13,87.11,89.8,86.0,88.6,938879,82836601.74,4.7033,1.6055
2023-09-14,87.74,87.74,84.87,86.1,886472,76477428.73,4.4408,-2.8217
2023-09-15,86.3,87.3,83.08,85.45,642256,54419486.78,3.2174,-0.7549
2023-09-18,84.28,86.12,82.6,82.95,567622,47622343.88,2.8435,-2.9257
2023-09-19,82.4,83.57,80.42,81.08,639756,52405473.3,3.2049,-2.2544
2023-09-20,80.03,82.9,79.88,80.26,344633,27919589.05,1.7264,-1.0113
2023-09-21,79.61,81.23,79.0,80.06,305296,24467513.25,1.5294,-0.2492
2023-09-22,79.91,82.21,79.26,82.1,542116,43900145.85,2.7157,2.5481
2023-09-25,82.13,83.66,80.18,82.33,665546,54766161.27,3.3341,0.2801
2023-09-26,81.35,83.28,80.73,81.47,393898,32208762.05,1.9732,-1.0446
2023-09-27,80.88,84.68,79.78,82.5,551298,45404614.18,2.7617,1.2643
2023-09-28,83.9,92.0,82.53,90.28,1416002,124266740.58,7.0935,9.4303
2023-10-09,89.0,91.36,87.8,89.8,526875,46952530.05,2.6394,-0.5317
2023-10-10,89.9,91.67,87.3,87.74,738060,65500610.82,3.6973,-2.294
2023-10-11,88.0,90.2,85.93,88.35,565530,49776649.57,2.833,0.6952
2023-10-12,88.5,95.87,86.38,95.8,1398054,127502270.15,7.0036,8.4324
2023-10-13,93.0,96.61,93.0,94.5,743401,70300438.63,3.7241,-1.357
2023-10-16,93.79,93.79,90.42,91.08,651264,59864775.43,3.2625,-3.619
2023-10-17,91.88,91.94,89.0,91.5,503688,45587129.14,2.5232,0.4611
2023-10-18,91.0,93.97,90.86,92.21,717335,66189778.55,3.5935,0.776
2023-10-19,91.05,94.39,90.49,90.66,441301,40741419.32,2.2107,-1.6809
2023-10-20,89.06,91.19,87.1,88.06,653527,57985625.72,3.2738,-2.8679
2023-10-23,88.4,88.4,83.87,85.63,717242,61399314.13,3.593,-2.7595
2023-10-24,85.98,91.34,83.85,89.05,825656,72184246.84,4.1361,3.9939
2023-10-25,89.89,89.89,83.55,85.11,719351,61648840.46,3.6036,-4.4245
2023-10-26,84.11,86.77,83.5,86.11,482722,41046819.34,2.4182,1.175
2023-10-27,86.11,88.77,83.67,87.0,625776,54141316.18,3.1348,1.0336
2023-10-30,89.44,96.0,87.0,94.0,1110468,102364880.81,5.5629,8.046
2023-10-31,108.0,112.8,104.0,105.0,3530792,387653295.63,17.6875,11.7021
2023-11-01,102.56,103.0,91.52,93.3,3164522,306715074.51,15.8527,-11.1429
2023-11-02,93.0,93.73,87.45,91.43,2067248,187139568.17,10.3559,-2.0043
2023-11-03,90.97,95.98,90.31,95.01,1435223,134701003.89,7.1898,3.9156
2023-11-06,95.01,98.87,94.56,98.47,1398522,135174346.1,7.0059,3.6417
2023-11-07,97.67,100.0,96.18,99.01,938683,92282587.84,4.7023,0.5484
2023-11-08,98.17,102.99,97.67,101.0,668510,67129927.8,3.3489,2.0099
2023-11-09,101.0,103.84,99.5,100.12,593712,60009685.15,2.9742,-0.8713
2023-11-10,99.0,108.75,99.0,103.77,868116,90603424.98,4.3488,3.6456
2023-11-13,103.12,105.86,99.13,100.6,861608,87098870.59,4.3162,-3.0548
2023-11-14,100.89,100.99,98.32,98.72,549431,54681080.18,2.7524,-1.8688
2023-11-15,100.51,103.69,98.72,100.54,851584,86090528.24,4.266,1.8436
2023-11-16,100.11,100.5,95.52,96.12,763003,74399155.55,3.8223,-4.3963
2023-11-17,96.12,99.0,95.84,97.36,580917,56529733.61,2.9101,1.2901
2023-11-20,99.69,101.26,93.39,98.66,1851862,179032826.13,9.2769,1.3353
2023-11-21,98.11,98.3,93.65,95.39,1050250,99968315.11,5.2612,-3.3144
2023-11-22,94.58,96.69,93.82,94.4,438513,41745661.37,2.1967,-1.0378
2023-11-23,94.27,95.5,93.39,94.7,633963,59928105.09,3.1758,0.3178
2023-11-24,94.66,94.82,92.16,92.61,612013,57127444.58,3.0659,-2.207
2023-11-27,92.34,95.24,92.01,94.88,574036,53819136.78,2.8756,2.4511
2023-11-28,94.51,97.09,94.15,96.75,404491,38934450.66,2.0263,1.9709
2023-11-29,103.0,109.77,96.0,96.0,1723826,174109228.18,8.6355,-0.7752
2023-11-30,95.5,96.82,91.92,92.89,744914,69798246.86,3.7316,-3.2396
2023-12-01,92.42,95.4,91.05,95.37,881598,82640068.29,4.4164,2.6698
2023-12-04,95.03,97.34,94.27,95.28,553171,53065033.02,2.7711,-0.0944
2023-12-05,94.24,95.59,93.08,93.45,332295,31324346.38,1.6646,-1.9207
2023-12-06,93.4,95.4,92.45,93.9,263558,24862101.63,1.3203,0.4815
2023-12-07,93.62,93.68,89.31,89.91,629167,57256016.06,3.1518,-4.2492
2023-12-08,89.61,91.47,89.33,89.51,699717,63298791.84,3.5052,-0.4449
2023-12-11,89.0,90.78,87.84,90.54,637468,56822644.57,3.1934,1.1507
2023-12-12,90.82,92.59,89.4,92.11,454989,41459351.0,2.2793,1.734
2023-12-13,92.38,93.36,90.79,91.3,280324,25776895.19,1.4043,-0.8794
2023-12-14,91.11,91.52,88.66,89.31,275404,24738206.76,1.3796,-2.1796
2023-12-15,88.89,89.34,86.5,87.4,307476,26939805.9,1.5403,-2.1386
2023-12-18,87.0,87.68,84.04,85.49,370272,31688844.34,1.8549,-2.1854
2023-12-19,85.5,88.0,84.67,85.86,344342,29721891.68,1.725,0.4328
2023-12-20,85.87,87.98,84.54,84.93,326694,28015118.37,1.6366,-1.0832
2023-12-21,85.05,86.48,83.0,85.05,244262,20614410.7,1.2236,0.1413
2023-12-22,84.5,86.16,83.7,85.17,373593,31693630.33,1.8715,0.1411
2023-12-25,84.3,86.8,83.5,84.78,223375,19015082.54,1.119,-0.4579
2023-12-26,84.87,84.87,81.39,82.12,348175,28684186.53,1.7442,-3.1375
2023-12-27,82.12,85.79,82.12,84.36,357913,30011948.26,1.793,2.7277
2023-12-28,84.74,86.46,83.43,85.72,333614,28405228.81,1.6712,1.6121
2023-12-29,85.01,90.56,84.41,89.18,697730,61949381.5,3.4953,4.0364
2024-01-02,89.5,89.94,83.81,84.39,938081,80453863.23,4.6993,-5.3712
2024-01-03,83.54,83.67,79.08,80.99,792490,64099484.94,3.97,-4.0289
2024-01-04,80.99,81.31,79.82,80.34,376592,30358259.06,1.8865,-0.8026
2024-01-05,79.4,80.5,77.18,77.4,462712,36342940.11,2.318,-3.6594
2024-01-08,77.49,77.99,72.99,73.19,784069,58831825.37,3.9278,-5.4393
2024-01-09,73.19,74.44,70.03,70.55,769511,55380460.69,3.8549,-3.6071
2024-01-10,69.95,70.74,68.07,70.35,483178,33675444.91,2.4205,-0.2835
2024-01-11,68.86,72.51,68.11,69.0,1016559,70627304.72,5.0925,-1.919
2024-01-12,69.09,74.47,68.28,70.54,1670751,119403142.0,8.3696,2.2319
2024-01-15,70.0,71.99,69.25,69.64,868118,61131963.07,4.3488,-1.2759
2024-01-16,68.82,70.68,68.21,70.39,694174,48074726.31,3.4775,1.077
2024-01-17,70.75,70.75,66.0,66.32,633486,42840256.51,3.1734,-5.7821
2024-01-18,65.73,67.9,64.0,66.38,1529417,100336986.84,7.186,0.0905
2024-01-19,66.15,67.7,64.71,64.71,838981,55339556.94,3.942,-2.5158
2024-01-22,64.29,65.85,60.11,60.22,823937,51537217.37,3.8713,-6.9386
2024-01-23,60.6,61.3,59.42,60.33,739818,44688161.8,3.476,0.1827
2024-01-24,60.22,62.98,57.6,59.98,632307,37203948.31,2.9709,-0.5801
2024-01-25,60.12,62.57,58.21,61.56,915787,55167972.54,4.3028,2.6342
2024-01-26,61.21,61.38,58.5,59.11,598458,35599036.2,2.8119,-3.9799
2024-01-29,60.27,60.98,57.32,57.51,679437,39855088.09,3.1923,-2.7068
2024-01-30,57.93,57.93,50.02,55.24,896206,50144873.33,4.2108,-3.9471
2024-01-31,56.19,59.59,52.25,52.71,1371204,75354464.11,6.4426,-4.58
2024-02-01,53.01,54.19,51.45,53.28,1712323,90926392.32,8.0454,1.0814
2024-02-02,53.0,54.47,47.6,49.6,1456622,73908407.19,6.8439,-6.9069
2024-02-05,49.01,50.3,39.68,41.54,2536666,108633877.77,11.9185,-16.25
2024-02-06,39.8,44.94,38.05,44.8,2592698,106681827.63,12.1818,7.8479
2024-02-07,45.61,46.82,38.5,40.25,3564566,154152528.49,16.7481,-10.1563
2024-02-08,39.85,48.3,39.13,48.3,2842165,126583401.6,13.3539,20.0
2024-02-19,49.71,52.0,48.23,50.8,2539107,127545033.97,11.93,5.176
2024-02-20,50.63,55.13,50.63,52.7,2607953,137069669.12,12.2535,3.7402
2024-02-21,52.5,56.0,50.0,53.69,2723786,145780725.9,12.7977,1.8786
2024-02-22,53.69,56.0,52.57,55.92,1975310,107134803.37,9.281,4.1535
2024-02-23,56.37,57.44,55.0,57.0,2264725,127125588.85,10.6408,1.9313
2024-02-26,58.0,66.8,56.13,62.0,3770630,226724666.76,17.7163,8.7719
2024-02-27,61.3,65.68,60.6,65.44,3439323,218885707.33,16.1597,5.5484
2024-02-28,65.27,65.4,56.33,57.7,3869453,236954216.97,18.1806,-11.8276
2024-02-29,56.19,62.68,56.19,62.5,2797294,169708569.59,13.1431,8.3189
2024-03-01,63.99,64.01,60.6,62.13,1636530,101481066.87,7.6892,-0.592
2024-03-04,62.5,67.17,61.85,64.89,3007021,194494547.26,14.1285,4.4423
2024-03-05,63.0,64.8,61.03,62.39,2306436,145085625.31,10.8368,-3.8527
2024-03-06,61.78,62.39,59.31,61.08,1709191,103885884.85,8.0306,-2.0997
2024-03-07,62.0,63.83,59.47,59.87,1686207,104041705.19,7.9227,-1.981
2024-03-08,60.3,63.33,59.33,62.89,1656874,102637485.38,7.7848,5.0443
2024-03-11,62.5,70.25,61.0,69.95,3282704,216046807.03,15.4238,11.226
2024-03-12,68.18,76.93,68.1,72.18,4080921,292474808.49,19.1742,3.188
2024-03-13,75.8,78.0,71.5,75.0,4332051,323763838.02,20.3542,3.9069
2024-03-14,73.0,75.76,70.2,72.0,2788788,203325781.95,13.1031,-4.0
2024-03-15,71.0,75.3,70.0,74.79,2155550,157243441.52,10.1279,3.875
2024-03-18,74.0,77.85,71.81,72.94,2310990,171595664.23,10.8582,-2.4736
2024-03-19,72.01,75.99,71.3,73.8,2185690,161718679.72,10.2695,1.1791
2024-03-20,73.4,75.28,71.11,73.08,1784808,130172857.54,8.3859,-0.9756
2024-03-21,77.0,78.0,74.7,75.28,2904599,221739998.75,13.6473,3.0104
2024-03-22,75.39,81.06,74.58,77.0,2759467,216838383.69,12.9654,2.2848
2024-03-25,77.0,77.0,70.95,70.95,2200134,161032308.77,10.3373,-7.8571
2024-03-26,70.99,73.2,69.0,70.1,1176319,83246039.97,5.5269,-1.198
2024-03-27,70.0,70.86,66.61,66.61,1301352,88519665.42,6.1144,-4.9786
2024-03-28,65.99,69.8,65.99,67.77,1413898,96213500.67,6.6432,1.7415
2024-03-29,67.7,70.91,66.81,69.36,1609772,110316409.95,7.5635,2.3462
2024-04-01,68.9,69.97,68.07,68.92,984497,67922594.53,4.6257,-0.6344
2024-04-02,69.9,70.7,67.5,67.79,838570,57813840.46,3.94,-1.6396
2024-04-03,67.0,72.98,66.97,69.62,1925912,134723281.96,9.0489,2.6995
2024-04-08,68.1,70.75,67.0,69.92,1249308,86681717.92,5.8699,0.4309
2024-04-09,70.39,71.68,68.19,69.92,792569,55388115.36,3.7239,0.0
2024-04-10,69.01,69.5,62.69,63.67,1873535,121338782.7,8.8028,-8.9388
2024-04-11,63.7,65.16,60.88,60.95,1593832,99892856.41,7.4886,-4.272
2024-04-12,61.0,62.3,58.51,59.1,1775617,106870217.74,8.3427,-3.0353
2024-04-15,58.23,60.76,55.57,57.27,1555314,90426344.53,7.3076,-3.0964
2024-04-16,56.23,57.25,50.58,50.88,1979560,103564112.9,9.301,-11.1577
2024-04-17,53.36,57.32,53.0,56.78,1907723,106215633.74,8.9634,11.5959
2024-04-18,55.68,58.95,55.68,57.35,1672320,95995851.1,7.8574,1.0039
2024-04-19,56.7,57.84,54.3,55.0,1366210,75814299.58,6.4191,-4.0976
2024-04-22,53.53,54.9,51.58,53.83,955653,51208161.85,4.4901,-2.1273
2024-04-23,54.0,55.8,53.71,55.32,930428,51046036.6,4.3716,2.768
2024-04-24,55.0,58.35,55.0,58.19,1168918,66745714.89,5.4922,5.188
2024-04-25,57.74,60.5,57.5,59.18,1328185,78850942.35,6.2405,1.7013
2024-04-26,58.0,61.82,57.14,59.78,2926031,172398671.9,13.748,1.0139
2024-04-29,59.47,61.48,58.0,61.21,1686347,101457373.4,7.9233,2.3921
2024-04-30,61.0,61.37,57.69,57.89,1326142,78139728.4,6.2309,-5.424
2024-05-06,58.0,59.23,57.37,57.81,1246743,72496724.08,5.8578,-0.1382
2024-05-07,58.5,59.87,57.4,58.08,815491,47771690.86,3.8316,0.467
2024-05-08,57.97,58.37,54.49,54.67,1125684,62920450.08,5.289,-5.8712
2024-05-09,54.99,55.8,53.75,54.0,1128274,61722532.88,5.3012,-1.2255
2024-05-10,54.3,54.3,51.5,51.78,1203796,62751013.57,5.656,-4.1111
2024-05-13,51.3,51.49,47.9,49.64,2141872,105714668.46,10.0636,-4.1329
2024-05-14,50.24,52.43,49.02,51.99,1597350,80904378.12,7.5052,4.7341
2024-05-15,51.72,53.65,50.51,51.18,1297871,67530614.8,6.0981,-1.558
2024-05-16,51.5,52.69,50.82,50.96,937587,48215688.2,4.4053,-0.4299
2024-05-17,54.92,55.38,50.99,53.77,1634848,87013649.46,7.6813,5.5141
2024-05-20,53.64,56.88,53.0,53.5,1599573,86615239.26,7.5156,-0.5021
2024-05-21,53.39,53.5,51.5,51.66,1096224,57134788.14,5.1506,-3.4393
2024-05-22,52.18,53.76,51.16,53.55,1050311,55087389.62,4.9349,3.6585
2024-05-23,54.0,54.0,52.5,52.5,853073,45420979.32,4.0082,-1.9608
2024-05-24,52.35,52.54,49.63,49.63,1071895,54390166.05,5.0363,-5.4667
2024-05-27,49.72,51.98,46.7,51.88,1893827,92272095.78,8.8982,4.5335
2024-05-28,51.55,56.0,50.32,52.4,2453709,130154863.72,11.5288,1.0023
2024-05-29,51.65,53.0,50.36,50.7,1686845,87052885.18,7.9256,-3.2443
2024-05-30,51.15,53.32,49.3,52.19,1250642,65001582.88,5.8761,2.9389
2024-05-31,51.8,53.34,51.51,51.66,1057302,55423877.97,4.9677,-1.0155
2024-06-03,52.03,53.7,50.67,51.36,1276184,66615645.92,5.9962,-0.5807
2024-06-04,51.0,51.23,47.0,47.8,1819418,88182976.66,8.5485,-6.9315
2024-06-05,48.0,49.22,46.78,46.95,1388789,66813738.33,6.5252,-1.7782
2024-06-06,47.2,48.58,45.23,45.7,1406761,65737474.24,6.6097,-2.6624
2024-06-07,46.5,46.98,45.01,46.41,1064823,49154701.51,5.0031,1.5536
2024-06-11,46.4,54.29,45.3,53.0,2943872,148727778.29,13.8318,14.1995
2024-06-12,51.9,53.86,51.72,52.0,1601040,84187799.89,7.5225,-1.8868
2024-06-13,53.6,55.85,52.57,54.68,2710314,147669203.98,12.7344,5.1538
2024-06-14,54.45,54.73,51.77,52.98,1478541,77990443.21,6.9469,-3.109
2024-06-17,52.94,52.94,50.7,51.84,1424505,74071491.05,6.693,-2.1518
2024-06-18,52.38,53.6,51.58,52.1,1361304,71341933.21,6.3961,0.5015
2024-06-19,52.6,53.81,50.0,53.22,2263101,117831402.55,10.6332,2.1497
2024-06-20,52.68,55.79,52.68,53.5,2430522,131862649.3,11.4198,0.5261
2024-06-21,52.38,52.69,51.12,51.36,1500610,77685277.7,7.0506,-4.0
2024-06-24,51.3,51.4,47.7,47.75,1456458,72108589.98,6.8432,-7.0288
2024-06-25,48.4,48.69,45.93,46.15,1095738,51598826.78,5.1483,-3.3508
2024-06-26,46.4,47.79,46.3,47.36,777117,36662018.07,3.6513,2.6219
2024-06-27,47.36,48.0,45.55,46.11,947474,44425994.14,4.4517,-2.6394
2024-06-28,45.8,47.48,45.7,46.42,1072100,49996226.87,5.0373,0.6723
2024-07-01,46.0,46.0,43.13,44.65,1066509,47325157.62,5.011,-3.0402
2024-07-02,44.6,44.6,42.0,42.29,1043709,45021471.64,4.9039,-5.2856
2024-07-03,41.99,43.5,41.03,42.63,820435,34688385.98,3.8548,0.804
2024-07-04,42.4,42.79,40.01,40.15,897714,36885836.06,4.2179,-5.8175
2024-07-05,39.89,39.98,38.58,39.3,863167,33810794.6,4.0556,-2.1171
2024-07-08,39.18,39.26,37.3,37.45,902413,34423055.95,4.24,-4.7074
2024-07-09,38.12,39.0,37.0,38.8,948242,36181325.67,4.4553,3.6048
2024-07-10,38.58,40.6,38.0,39.33,1017350,40442010.46,4.78,1.366
2024-07-11,41.5,41.98,39.93,41.0,1126579,46111665.0,5.2932,4.2461
2024-07-12,41.0,42.95,40.68,42.43,1316890,55408446.66,6.1874,3.4878
2024-07-15,41.5,43.43,41.5,41.83,941173,39992083.48,4.4221,-1.4141
2024-07-16,41.82,42.91,40.9,42.7,792094,33365224.43,3.7217,2.0798
2024-07-17,42.32,43.64,41.8,42.3,760476,32488544.27,3.5731,-0.9368
2024-07-18,43.5,46.68,42.54,45.91,2195180,98242561.01,3.074,8.5343
2024-07-19,45.05,47.1,45.05,45.86,1055147,48865528.35,1.4776,-0.1089
2024-07-22,45.86,48.19,45.86,46.78,1100411,51991567.93,1.5409,2.0061
2024-07-23,46.34,46.53,44.0,44.4,928485,41976389.97,1.3002,-5.0876
2024-07-24,43.7,44.6,43.02,43.38,761531,33241760.94,1.0664,-2.2973
2024-07-25,42.42,44.58,42.42,43.63,731461,31803054.12,1.0243,0.5763
2024-07-26,43.29,44.29,43.0,43.79,623882,27217631.95,0.8736,0.3667
2024-07-29,44.39,44.58,42.83,43.58,655491,28532132.15,0.9179,-0.4796
2024-07-30,43.54,46.78,42.46,45.91,1269788,57362003.91,1.7781,5.3465
2024-07-31,45.83,48.46,44.15,48.1,1359288,63496527.84,1.9035,4.7702
2024-08-01,48.5,51.2,48.5,49.52,1701271,84911558.42,2.3823,2.9522
2024-08-02,47.7,50.0,47.35,47.83,959599,46768855.15,1.3438,-3.4128
2024-08-05,47.14,47.59,43.6,43.68,1155927,52634191.14,1.6187,-8.6766
2024-08-06,44.59,45.44,44.16,45.03,661393,29608737.27,0.9262,3.0907
2024-08-07,45.03,45.53,43.49,43.56,794342,35267553.17,1.1123,-3.2645
2024-08-08,43.56,45.17,42.2,43.53,1078609,47015036.49,1.5104,-0.0689
2024-08-09,44.66,45.07,42.61,42.7,795257,34714207.39,1.1136,-1.9067
2024-08-12,42.31,42.81,40.7,41.15,948725,39199655.64,1.3285,-3.63
2024-08-13,40.9,41.9,40.85,41.84,721809,29795659.15,1.0108,1.6768
2024-08-14,41.84,43.07,41.4,42.12,513396,21702830.56,0.7189,0.6692
2024-08-15,41.65,43.0,41.45,41.86,544200,22952637.15,0.7621,-0.6173
2024-08-16,42.19,43.1,41.71,42.32,643482,27383546.14,0.9011,1.0989
2024-08-19,42.32,42.77,40.43,40.6,831134,34447924.46,1.1639,-4.0643
2024-08-20,40.89,41.02,39.8,39.85,555604,22287371.34,0.778,-1.8473
2024-08-21,39.87,40.69,39.34,39.44,613914,24559531.28,0.8597,-1.0289
2024-08-22,39.62,39.91,38.6,38.73,527304,20634347.33,0.7384,-1.8002
2024-08-23,38.69,38.93,37.72,37.99,758905,28944837.02,1.0627,-1.9107
2024-08-26,38.16,38.99,37.58,38.77,509068,19544615.83,0.7129,2.0532
2024-08-27,40.35,41.29,39.18,40.3,1864067,74800345.08,2.6103,3.9464
2024-08-28,40.02,40.93,39.61,39.68,821020,32994771.19,1.1497,-1.5385
2024-08-29,39.6,41.38,39.6,41.03,772741,31430256.47,1.0821,3.4022
2024-08-30,41.13,44.49,41.13,43.3,1965276,85420341.52,2.752,5.5325
2024-09-02,43.1,43.65,40.92,40.93,926762,39078636.01,1.2978,-5.4734
2024-09-03,41.07,42.6,40.98,41.48,882707,36961685.94,1.2361,1.3438
2024-09-04,40.92,42.74,40.53,42.33,831907,34866576.8,1.1649,2.0492
2024-09-05,41.85,43.56,41.62,42.6,728061,31138403.97,1.0195,0.6378
2024-09-06,43.0,43.0,40.76,40.83,695952,28794056.51,0.9746,-4.1549
2024-09-09,41.0,41.49,39.23,39.54,597152,23852327.92,0.8362,-3.1594
2024-09-10,39.69,40.01,38.9,39.74,937716,37022341.74,1.3131,0.5058
2024-09-11,39.68,40.0,38.99,39.1,558364,22062968.71,0.7819,-1.6105
2024-09-12,39.31,39.82,38.33,38.38,507895,19839806.07,0.7112,-1.8414
2024-09-13,38.53,38.74,37.1,37.91,1156519,43889210.01,1.6195,-1.2246
2024-09-18,37.47,38.14,36.77,37.67,545026,20443769.82,0.7632,-0.6331
2024-09-19,38.39,39.28,37.35,38.5,577184,22213765.03,0.8082,2.2033
2024-09-20,38.47,39.16,38.2,38.6,605143,23342296.59,0.8474,0.2597
2024-09-23,38.25,38.88,37.87,38.2,439821,16892763.07,0.6159,-1.0363
2024-09-24,38.54,40.44,36.7,40.13,1313731,51125283.39,1.8397,5.0524
2024-09-25,40.37,42.22,40.37,40.79,1121314,46332255.01,1.5702,1.6447
2024-09-26,40.38,42.6,40.2,42.47,701358,29201184.35,0.9821,4.1187
2024-09-27,43.85,47.25,42.6,47.12,956095,42682714.05,1.3389,10.9489
2024-09-30,49.6,54.56,49.6,53.81,2755891,143871498.98,3.8592,14.1978
2024-10-08,64.57,64.57,59.8,64.54,3359530,212915568.43,4.7045,19.9405
2024-10-09,60.07,69.94,59.69,62.23,5013407,319545525.83,7.0204,-3.5792
2024-10-10,64.0,67.15,61.88,61.99,4378970,283886862.21,6.132,-0.3857
2024-10-11,59.81,61.8,53.01,55.13,4112873,228280481.01,5.7594,-11.0663
2024-10-14,55.3,56.5,50.5,56.2,3223746,172661294.94,4.5143,1.9409
2024-10-15,56.0,60.68,55.22,57.35,3251101,191095492.93,4.5526,2.0463
2024-10-16,54.95,59.71,54.0,58.31,1750176,100902171.72,2.4508,1.6739
2024-10-17,59.0,64.36,58.32,59.98,2730036,167683657.3,3.823,2.864
2024-10-18,59.8,69.0,59.7,67.5,4087155,266535135.63,5.7234,12.5375
2024-10-21,68.22,72.0,65.87,66.17,3939053,269791702.43,5.516,-1.9704
2024-10-22,65.99,66.04,63.29,64.7,2103321,136061374.01,2.9454,-2.2216
2024-10-23,64.5,68.5,63.71,64.71,1859838,122823165.63,2.6044,0.0155
2024-10-24,64.7,66.29,63.0,64.76,1441808,93817903.27,2.019,0.0773
2024-10-25,65.12,66.57,64.0,64.8,764251,49543200.07,1.0702,0.0618
2024-10-28,65.2,66.32,63.0,66.25,873516,56799022.37,1.2232,2.2377
2024-10-29,65.0,67.0,61.0,66.88,2448776,156080685.63,3.4291,0.9509
2024-10-30,63.01,68.3,63.01,67.77,1638693,107992313.1,2.2947,1.3307
2024-10-31,67.09,74.8,67.09,72.02,2406380,170262137.64,3.3697,6.2712
2024-11-01,71.0,71.73,66.5,68.49,1792745,123387756.55,2.5104,-4.9014
2024-11-04,67.76,70.58,67.01,69.72,1084236,75283041.57,1.5183,1.7959
2024-11-05,70.0,74.63,69.12,74.5,1913190,136961162.41,2.6791,6.856
2024-11-06,73.93,87.47,72.6,80.48,3741767,301680676.58,5.2397,8.0268
2024-11-07,80.77,86.94,80.0,82.0,2539610,212299431.55,3.5563,1.8887
2024-11-08,86.0,90.88,82.6,89.0,3024286,266854886.03,4.235,8.5366
2024-11-11,93.75,100.0,89.2,95.45,3998125,377374472.82,5.5987,7.2472
2024-11-12,98.0,98.0,86.18,89.99,4537144,402046847.19,6.3535,-5.7203
2024-11-13,89.5,89.66,84.64,84.73,2500843,215641843.3,3.502,-5.8451
2024-11-14,85.0,87.83,82.5,84.75,1891772,162110137.03,2.6491,0.0236
2024-11-15,84.75,85.29,76.99,77.48,2243927,180810141.0,3.1422,-8.5782
2024-11-18,78.5,79.0,73.38,75.97,1941221,147561763.47,2.7184,-1.9489
2024-11-19,79.0,79.0,73.36,77.6,2278404,172584027.85,3.1905,2.1456
2024-11-20,77.86,80.31,76.06,79.7,2158818,168689267.04,3.0231,2.7062
2024-11-21,79.0,87.88,77.96,86.5,2884065,244229711.47,4.0387,8.532
2024-11-22,86.4,90.18,83.2,84.3,2156323,188319533.41,3.0196,-2.5434
2024-11-25,86.18,91.8,80.6,84.37,2745488,234945677.88,3.8446,0.083
2024-11-26,83.53,86.5,80.62,81.3,1113600,91988182.84,1.5594,-3.6387
2024-11-27,79.04,80.88,74.8,80.66,2509966,195369609.14,3.5148,-0.7872
2024-11-28,79.11,85.2,78.36,83.6,2424876,200364232.8,3.3956,3.6449
2024-11-29,82.38,86.67,80.51,85.0,2472385,207074434.01,3.4622,1.6746
2024-12-02,84.46,86.2,82.31,83.2,1941033,163003191.46,2.7181,-2.1176
2024-12-03,88.0,89.97,80.18,81.08,3254871,279916686.63,4.5579,-2.5481
2024-12-04,81.8,85.0,77.7,79.13,1421161,115224215.55,1.9901,-2.405
2024-12-05,78.19,80.62,77.01,78.59,1917054,151047079.98,2.6845,-0.6824
2024-12-06,79.8,81.03,78.01,78.69,1287834,101882215.55,1.8034,0.1272
2024-12-09,78.3,78.97,73.41,73.8,2350602,177173183.58,3.2916,-6.2143
2024-12-10,77.0,77.99,73.12,73.66,2032575,150737584.07,2.8463,-0.1897
2024-12-11,73.77,76.2,72.96,74.67,964027,72000746.89,1.35,1.3712
2024-12-12,74.1,76.5,73.12,74.67,1249616,93356552.02,1.7499,0.0
2024-12-13,74.2,75.79,73.13,73.15,1345613,100132339.08,1.8843,-2.0356
2024-12-16,73.2,73.21,70.0,71.1,1521382,108000378.41,2.1304,-2.8025
2024-12-17,70.77,72.2,69.66,70.68,1329886,94109762.65,1.8623,-0.5907
2024-12-18,70.82,76.77,69.15,76.5,2220196,164453363.2,3.109,8.2343
2024-12-19,75.19,79.5,74.78,78.77,1886290,147113621.28,2.6414,2.9673
2024-12-20,78.39,85.0,77.12,84.0,3096581,255733212.19,4.3362,6.6396
2024-12-23,83.85,86.66,77.5,77.9,2560872,209543467.12,3.5861,-7.2619
2024-12-24,78.56,81.7,77.0,80.3,1746785,139167625.5,2.4461,3.0809
2024-12-25,79.58,83.17,77.0,82.0,2259616,181037366.93,3.1642,2.1171
2024-12-26,80.87,85.2,79.4,82.16,2502720,206181683.93,3.5046,0.1951
2024-12-27,82.49,82.49,76.71,79.27,2162787,171117368.99,3.0286,-3.5175
2024-12-30,78.86,79.68,76.58,76.82,1169745,91094302.13,1.638,-3.0907
2024-12-31,76.82,77.18,72.88,72.91,1350726,100954443.62,1.8915,-5.0898
2025-01-02,72.91,72.91,69.2,69.65,1565482,110075432.08,2.1922,-4.4713
2025-01-03,69.73,69.73,63.82,64.58,1330754,89211502.38,1.8635,-7.2793
2025-01-06,67.1,68.86,64.06,67.42,2546682,171326627.6,3.5662,4.3976
2025-01-07,68.0,71.75,66.99,71.63,1814134,124967774.43,2.5404,6.2444
2025-01-08,70.0,72.27,67.42,69.7,1351984,94058474.54,1.8932,-2.6944
2025-01-09,69.13,72.8,69.13,70.21,1309876,92813318.71,1.8343,0.7317
2025-01-10,71.51,75.55,69.4,73.43,2158206,159066545.11,3.0222,4.5862
2025-01-13,72.0,75.38,71.61,74.61,1068810,79106210.45,1.4967,1.607
2025-01-14,75.03,80.71,74.4,78.83,1870006,145840268.65,2.6186,5.6561
2025-01-15,78.8,79.43,77.35,77.9,1216845,95339710.26,1.704,-1.1798
2025-01-16,78.31,80.87,78.0,78.49,982492,77791410.3,1.3758,0.7574
2025-01-17,78.0,80.78,77.27,79.44,1074069,85375498.08,1.5041,1.2103
2025-01-20,81.0,81.66,73.0,76.29,2705090,204713130.82,3.788,-3.9653
2025-01-21,75.69,75.69,72.15,74.9,1907686,140627413.35,2.6714,-1.822
2025-01-22,73.88,75.46,73.04,74.0,1073592,79398510.42,1.5034,-1.2016
2025-01-23,74.0,75.57,70.73,71.85,1696759,123054882.6,2.376,-2.9054
2025-01-24,71.27,73.19,71.01,72.41,1118924,81035712.55,1.5669,0.7794
2025-01-27,72.89,72.89,70.25,70.87,756312,54088845.83,1.0591,-2.1268
2025-02-05,72.0,75.5,71.12,74.82,1376457,101691969.28,1.9275,5.5736
2025-02-06,74.85,80.8,73.98,80.2,2637048,208296301.75,3.6927,7.1906
2025-02-07,81.81,87.68,81.81,84.99,2947890,249801826.97,4.128,5.9726
2025-02-10,85.01,93.0,82.35,90.91,2813637,245083325.02,3.94,6.9655
2025-02-11,92.58,93.5,86.01,86.3,3174388,283056597.32,4.4452,-5.0709
2025-02-12,88.82,88.82,83.08,84.5,2422106,203752610.39,3.3918,-2.0857
2025-02-13,85.0,85.0,78.85,79.36,2898652,233261657.06,4.0591,-6.0828
2025-02-14,79.0,80.2,77.53,79.29,1597408,126061298.55,2.2369,-0.0882
2025-02-17,81.37,82.37,79.51,81.2,2262349,184124846.47,3.168,2.4089
2025-02-18,81.11,84.48,80.5,81.57,2220448,183946883.15,3.1094,0.4557
2025-02-19,81.59,84.19,81.3,84.17,2548959,212103198.24,3.5694,3.1874
2025-02-20,84.0,84.17,81.38,81.85,1278613,105456710.31,1.7905,-2.7563
2025-02-21,81.86,82.35,79.25,81.99,2296986,185337878.74,3.2165,0.171
2025-02-24,82.3,86.45,81.12,84.14,2572845,215760016.51,3.6028,2.6223
2025-02-25,83.0,85.72,81.5,82.48,2303957,192722012.62,3.2263,-1.9729
2025-02-26,82.08,82.68,78.6,79.57,2592043,207005554.47,3.6297,-3.5281
2025-02-27,79.52,81.77,76.3,78.76,3160618,248898106.3,4.4259,-1.018
2025-02-28,80.0,81.24,75.15,77.54,2942912,228704581.01,4.1211,-1.549
2025-03-03,76.11,78.03,75.3,76.04,1422311,108999937.94,1.9917,-1.9345
2025-03-04,75.37,77.58,75.17,75.99,1203934,91846649.44,1.6859,-0.0658
2025-03-05,75.61,76.97,72.85,75.3,1565533,116589717.11,2.1923,-0.908
2025-03-06,75.63,82.53,75.63,81.88,3065996,244777369.45,4.2934,8.7384
2025-03-07,81.33,81.33,77.65,78.59,1076337,85814624.8,1.5072,-4.0181
2025-03-10,79.08,80.0,76.61,77.67,1318033,103726729.76,1.8457,-1.1706
2025-03-11,76.8,77.7,74.74,76.8,1034758,78693833.4,1.449,-1.1201
2025-03-12,77.24,77.6,74.02,75.1,1880365,141212076.83,2.6331,-2.2135
2025-03-13,74.33,74.75,72.5,73.0,1165964,85484610.8,1.6327,-2.7963
2025-03-14,73.99,75.89,72.5,74.22,1448424,107364277.86,2.0283,1.6712
2025-03-17,74.66,76.48,73.81,75.38,1188835,89734512.17,1.6648,1.5629
2025-03-18,75.62,76.73,74.0,74.5,1744708,130919396.08,2.4432,-1.1674
2025-03-19,74.54,74.99,73.0,73.38,923772,68058401.34,1.2936,-1.5034
2025-03-20,73.38,76.2,72.39,74.41,1312906,97935966.59,1.8385,1.4037
2025-03-21,74.0,74.23,68.93,70.8,2497533,177694879.04,3.4974,-4.8515
2025-03-24,68.12,72.9,68.12,72.73,2286837,163204705.94,3.2023,2.726
2025-03-25,72.73,73.6,71.22,71.76,1081212,78390791.95,1.5141,-1.3337
2025-03-26,71.5,72.2,70.36,71.88,799543,57046149.54,1.1196,0.1672
2025-03-27,71.07,73.29,70.5,71.72,776236,55878320.38,1.087,-0.2226
2025-03-28,71.03,74.5,70.73,70.77,989993,71510261.81,1.3863,-1.3246
2025-03-31,70.07,71.8,68.68,71.14,1311148,91452306.11,1.836,0.5228
2025-04-01,70.97,75.38,70.89,74.15,1322611,97001530.31,1.8521,4.2311
2025-04-02,73.89,76.79,73.0,75.08,1483912,111772653.19,2.078,1.2542
2025-04-03,73.96,76.9,72.01,72.83,736488,54583700.7,1.0313,-2.9968
2025-04-07,68.01,69.42,59.0,65.5,1625695,106401529.08,2.2765,-10.0645
2025-04-08,66.16,67.99,60.18,62.0,2013303,126756346.84,2.8193,-5.3435
2025-04-09,60.58,65.56,59.01,63.95,2389762,151136394.86,3.3465,3.1452
2025-04-10,64.64,68.5,64.2,67.33,1219104,82029006.77,1.7072,5.2854
2025-04-11,66.66,74.49,66.28,70.43,2203153,156540577.09,3.0851,4.6042
2025-04-14,71.0,74.8,69.47,72.5,2311399,165459451.03,3.2367,2.9391
2025-04-15,71.98,72.38,67.69,68.04,1958029,135246350.1,2.7419,-6.1517
2025-04-16,67.52,70.84,67.4,68.46,1287605,88647615.78,1.8031,0.6173
2025-04-17,68.16,71.99,67.36,68.8,1672367,117822300.63,2.3419,0.4966
2025-04-18,68.9,69.54,67.37,67.78,987166,67142251.9,1.3824,-1.4826
2025-04-21,68.3,70.5,67.37,70.18,911589,63200953.24,1.2765,3.5409
2025-04-22,69.87,70.34,68.58,69.21,894269,61959774.9,1.2523,-1.3822
2025-04-23,69.21,72.08,67.2,71.66,1631240,114059761.08,2.2843,3.54
2025-04-24,71.68,75.0,70.66,73.9,2091479,154063291.93,2.9288,3.1259
2025-04-25,74.78,74.78,72.01,72.9,755138,55105076.8,1.0574,-1.3532
2025-04-28,74.21,78.08,73.28,75.0,2395537,181321611.36,3.3546,2.8807
2025-04-29,73.44,74.86,73.17,74.24,1031891,76184056.03,1.445,-1.0133
2025-04-30,74.3,75.8,74.14,74.92,923359,69286289.47,1.293,0.9159
2025-05-06,77.5,79.91,76.5,78.06,2285425,178892075.63,3.2004,4.1911
2025-05-07,78.83,79.99,75.63,76.64,1284273,99400142.33,1.7984,-1.8191
2025-05-08,75.0,77.54,75.0,76.12,957127,72903849.58,1.3403,-0.6785
2025-05-09,75.97,75.97,72.13,72.18,1616364,118501109.37,2.2634,-5.176
2025-05-12,73.0,74.93,71.98,72.56,1103896,80625788.1,1.5458,0.5265
2025-05-13,73.0,74.45,71.36,71.37,1546547,112414952.39,2.1657,-1.64
2025-05-14,71.8,75.0,70.0,70.31,2015533,144952410.84,2.8224,-1.4852
2025-05-15,70.36,70.44,68.14,68.25,1191844,82153997.67,1.669,-2.9299
2025-05-16,68.94,71.64,68.62,71.13,1489629,104836306.34,2.086,4.2198
2025-05-19,71.71,75.4,71.28,74.51,2311423,170244941.06,3.2368,4.7519
2025-05-20,75.2,75.2,72.88,73.12,1079396,79323235.66,1.5115,-1.8655
2025-05-21,73.12,73.99,71.65,72.0,744947,53803532.02,1.0432,-1.5317
2025-05-22,72.32,75.5,72.2,74.08,2144229,159799471.09,3.0026,2.8889
2025-05-23,74.0,79.5,73.17,76.05,3710247,287055842.29,5.1956,2.6593
2025-05-26,76.06,80.72,76.06,79.66,3121716,246671039.5,4.3714,4.7469
2025-05-27,78.1,80.7,77.4,79.09,2410634,190446304.96,3.3757,-0.7155
2025-05-28,79.99,79.99,78.21,79.01,890874,70445812.53,1.2475,-0.1012
2025-05-29,79.77,79.77,77.53,79.04,1066128,83882966.37,1.4929,0.038
2025-05-30,78.5,79.56,77.78,77.87,701297,55083380.41,0.982,-1.4803
2025-06-03,78.1,82.14,77.69,79.89,2345397,187770832.93,3.2843,2.5941
2025-06-04,79.2,82.53,79.2,80.3,1972920,159791856.04,2.7627,0.5132
2025-06-05,80.29,83.34,79.03,82.48,1603507,130514219.16,2.2454,2.7148
2025-06-06,81.5,83.36,81.16,82.59,1228010,101078250.72,1.7196,0.1334
2025-06-09,82.98,82.98,80.01,80.95,1379309,111498226.48,1.9315,-1.9857
2025-06-10,81.0,81.0,76.5,77.12,1940401,151621605.05,2.7172,-4.7313
2025-06-11,77.5,77.73,75.8,76.07,1162303,89023997.52,1.6276,-1.3615
2025-06-12,76.14,76.64,74.21,74.7,1199737,90215426.0,1.68,-1.801
2025-06-13,74.46,75.46,72.13,72.49,1677726,123055908.03,2.3494,-2.9585
2025-06-16,72.35,72.9,71.68,72.72,1633769,117880758.55,2.2878,0.3173
2025-06-17,73.21,74.78,72.07,72.5,1027345,75063688.25,1.4386,-0.3025
2025-06-18,72.03,74.49,71.7,74.2,1264894,92620273.55,1.7713,2.3448
2025-06-19,73.9,77.68,73.88,74.85,1841199,139662978.26,2.5783,0.876
2025-06-20,77.0,80.88,75.63,79.98,3959526,310271164.67,5.5447,6.8537
2025-06-23,79.4,84.99,77.68,83.49,4840648,402247078.99,6.7785,4.3886
2025-06-24,84.0,86.48,83.05,86.14,4746281,402931825.11,6.6464,3.174
2025-06-25,87.0,90.43,85.2,89.0,5145076,450256990.46,7.2048,3.3202
2025-06-26,89.0,90.88,86.72,89.5,3257619,290043816.78,4.5618,0.5618
2025-06-27,89.55,91.5,86.6,90.7,3755885,335984400.03,5.2595,1.3408
2025-06-30,90.97,92.36,87.99,88.01,4353390,389634645.44,6.0962,-2.9658
2025-07-01,88.98,91.23,87.2,89.74,3894914,347876619.86,5.4542,1.9657
2025-07-02,89.5,89.5,85.88,87.49,2896760,252702801.76,4.0564,-2.5072
2025-07-03,87.11,87.79,83.74,84.09,3134255,266624184.32,4.389,-3.8862
2025-07-04,84.1,88.0,82.24,85.62,3633160,310282346.09,5.0876,1.8195
2025-07-07,85.78,91.16,85.78,86.9,3758932,334585615.03,5.2638,1.495
2025-07-08,93.5,93.5,85.97,86.66,5843712,513670917.15,8.1831,-0.2762
2025-07-09,86.01,88.4,84.03,87.03,3332932,286824009.27,4.6672,0.427
2025-07-10,87.01,92.8,87.01,90.5,4032585,364633730.04,5.647,4.3709
2025-07-11,89.71,91.59,89.0,90.0,1906882,171910476.81,2.6703,-0.5525
2025-07-14,89.59,93.71,88.22,91.42,3808551,348910094.12,5.3332,1.5778
2025-07-15,90.8,91.62,86.4,86.75,3004378,264411941.81,4.2071,-5.1083
2025-07-16,87.01,88.34,85.5,86.5,1748688,151932732.84,2.4487,-0.2882
2025-07-17,87.01,87.1,84.0,84.18,2879581,243488757.95,4.0324,-2.6821
2025-07-18,84.18,85.5,83.5,84.01,1771821,149064499.33,2.4489,-0.2019
2025-07-21,82.73,85.0,82.05,84.96,2529756,211830024.41,3.4965,1.1308
2025-07-22,84.3,86.94,83.07,83.1,2572037,218227692.98,3.5549,-2.1893
2025-07-23,82.85,86.86,82.25,85.26,3057411,259886015.9,4.2258,2.5993
2025-07-24,84.4,88.77,84.4,86.2,3095771,267539366.11,4.2788,1.1025
2025-07-25,86.2,88.97,84.92,88.53,2681479,232744389.42,3.7062,2.703
2025-07-28,90.0,90.0,87.11,88.51,2738555,242484099.16,3.7851,-0.0226
2025-07-29,87.8,92.18,87.2,90.8,2717737,246066879.43,3.7563,2.5873
2025-07-30,89.95,91.96,88.9,90.12,2503631,226142842.75,3.4604,-0.7489
2025-07-31,89.26,95.5,89.26,94.02,3947779,371016566.48,5.4564,4.3276
2025-08-01,95.0,97.66,92.82,94.04,3333029,317509094.21,4.6067,0.0213
2025-08-04,92.88,95.59,91.4,92.44,2536171,234525945.16,3.5053,-1.7014
2025-08-05,92.11,92.6,90.58,91.11,1857061,169590606.34,2.5667,-1.4388
2025-08-06,91.11,91.9,89.5,91.9,2201710,199293511.15,3.0431,0.8671
2025-08-07,91.71,92.7,89.15,89.4,1939790,175339904.89,2.6811,-2.7203
2025-08-08,89.8,89.8,87.18,87.45,1497693,131610578.04,2.07,-2.1812
2025-08-11,87.0,94.79,86.2,91.82,4002527,362237295.47,5.532,4.9971
2025-08-12,92.0,93.0,87.0,88.4,3373637,300028376.56,4.6628,-3.7247
2025-08-13,89.76,93.48,88.5,89.99,3646937,331967768.5,5.0406,1.7986
2025-08-14,89.99,95.0,88.74,93.6,4142600,383408405.2,5.7256,4.0116
2025-08-15,93.93,95.0,91.89,92.99,2373521,221729646.79,3.2805,-0.6517
2025-08-18,93.97,97.5,92.23,95.5,3789861,358711867.29,5.2381,2.6992
2025-08-19,95.5,96.1,92.56,93.12,2354773,220774912.97,3.2546,-2.4921
2025-08-20,93.97,98.88,90.26,97.7,4064813,384436592.3,5.6181,4.9184
2025-08-21,96.42,98.0,94.17,94.7,2123998,203393054.25,2.9357,-3.0706
2025-08-22,94.5,103.49,94.06,99.6,5036112,499442445.09,6.9606,5.1742
2025-08-25,102.18,107.5,99.0,101.9,4934622,508295507.85,6.8203,2.3092
2025-08-26,101.11,104.78,100.1,102.11,2905247,296721378.17,4.0155,0.2061
2025-08-27,101.36,106.9,100.17,100.17,3015324,311900004.03,4.1676,-1.8999
2025-08-28,99.02,105.36,99.0,103.84,2852023,291063042.62,3.9419,3.6638
2025-08-29,104.21,106.6,101.0,105.4,2895823,300636758.79,4.0024,1.5023
2025-09-01,109.99,114.18,105.06,112.27,4785282,528537855.09,6.6139,6.518
2025-09-02,112.3,115.45,108.19,110.25,3238492,364666278.46,4.476,-1.7992
2025-09-03,111.66,119.59,109.36,115.78,3289857,377650413.72,4.547,5.0159
2025-09-04,113.01,116.28,100.01,105.13,4286103,457835846.71,5.924,-9.1985
2025-09-05,105.0,107.27,103.78,106.25,2409207,254043432.5,3.3299,1.0653
2025-09-08,106.11,112.0,103.02,108.28,3604290,388742856.6,4.9816,1.9106
2025-09-09,107.11,108.0,103.5,105.69,2284817,241104747.03,3.1579,-2.3919
2025-09-10,105.07,109.4,105.07,106.0,2489522,267937165.98,3.4409,0.2933
2025-09-11,106.95,113.96,104.77,111.71,2822848,310533712.14,3.9016,5.3868
2025-09-12,113.22,134.05,111.71,134.05,7546867,951452828.87,10.4308,19.9982
2025-09-15,134.0,134.0,125.71,126.4,5914527,757727290.24,8.1747,-5.7068
2025-09-16,126.41,127.44,122.0,124.0,3620829,450305828.87,5.0045,-1.8987
2025-09-17,128.0,146.32,125.02,142.8,7323201,1002255973.52,10.1217,15.1613
2025-09-18,142.72,152.96,141.02,144.41,6894065,1015613426.3,9.5285,1.1275
2025-09-19,147.5,156.8,145.27,147.02,5371248,809283768.37,7.4238,1.8074
2025-09-22,150.0,157.0,148.02,153.0,4617402,705033988.04,6.3819,4.0675
2025-09-23,164.01,183.6,164.01,178.97,7459678,1314869417.02,10.3103,16.9739
2025-09-24,177.3,188.95,168.83,181.0,7897266,1402037781.87,10.9151,1.1343
2025-09-25,195.98,198.86,175.0,175.0,8017491,1471865009.98,11.0813,-3.3149
2025-09-26,173.42,186.18,173.01,173.01,5475185,978013915.33,7.5675,-1.1371
2025-09-29,175.0,190.99,174.41,187.0,7562895,1401649833.96,10.453,8.0862
2025-09-30,187.0,193.99,181.0,181.0,6001934,1123185280.43,8.2955,-3.2086
2025-10-09,187.5,192.55,179.0,180.5,6959187,1290426429.64,9.6186,-0.2762
2025-10-10,177.0,180.18,165.8,166.88,6480049,1104590619.85,8.9563,-7.5457
2025-10-13,160.62,169.5,160.62,166.88,4564898,751197629.31,6.3093,0.0
2025-10-14,169.01,170.5,149.0,150.82,6154711,971313501.66,8.5067,-9.6237
2025-10-15,149.9,154.5,149.0,154.12,3158727,480996937.09,4.3658,2.188
2025-10-16,154.12,159.29,151.5,154.7,3300436,515234824.06,4.5617,0.3763
2025-10-17,153.58,154.14,145.0,146.57,4008136,593166247.97,5.5398,-5.2553
2025-10-20,149.5,154.88,145.23,149.94,3289945,496033729.42,4.5472,2.2992
2025-10-21,152.78,156.98,150.98,155.38,3697205,571749693.26,5.11,3.6281
2025-10-22,154.97,159.6,153.0,155.6,2841308,443275567.07,3.9271,0.1416
2025-10-23,155.35,156.39,152.5,155.46,1704964,262919141.72,2.3565,-0.09
2025-10-24,160.0,167.48,157.62,164.82,4888110,798758625.01,6.756,6.0208
2025-10-27,170.0,193.27,169.03,190.28,7417041,1335821870.97,10.2514,15.4472
2025-10-28,193.19,199.77,190.6,195.0,4784102,931802701.11,6.6123,2.4806
2025-10-29,185.98,194.79,184.03,187.6,5024413,946055285.47,6.9444,-3.7949
2025-10-30,188.33,195.88,183.01,183.21,5446282,1034445668.82,7.5275,-2.3401
2025-10-31,182.97,182.97,171.04,172.0,4222554,735571975.8,5.8362,-6.1187
2025-11-03,168.56,183.43,164.49,178.7,4689013,821396758.11,6.4809,3.8953
2025-11-04,180.15,180.39,172.01,175.3,2432811,425946848.71,3.3625,-1.9026
2025-11-05,171.53,180.0,168.5,174.3,2302494,401972086.56,3.1824,-0.5705
2025-11-06,180.0,183.8,172.78,179.27,3298097,589340007.91,4.5584,2.8514
2025-11-07,177.22,195.3,176.01,188.98,4203865,788981864.01,5.8103,5.4164
2025-11-10,188.0,207.77,187.88,200.16,4687177,940738611.69,6.4783,5.916
2025-11-11,215.0,220.22,200.27,205.59,5647748,1199385442.89,7.806,2.7128
2025-11-12,198.88,209.88,190.5,205.0,4589862,922192895.46,6.3438,-0.287
2025-11-13,202.34,211.0,193.5,196.87,3073777,617502630.28,4.2484,-3.9659
2025-11-14,190.0,199.83,187.5,190.96,2542890,490693399.6,3.5146,-3.002
2025-11-17,192.78,208.77,190.81,198.9,3420278,687516164.55,4.7273,4.1579
2025-11-18,198.9,214.8,198.66,206.2,3623745,757394117.51,5.0085,3.6702
2025-11-19,201.0,213.5,195.0,196.56,3008216,610750936.33,4.1578,-4.6751
2025-11-20,200.0,202.0,184.51,190.93,2760121,523091101.65,3.8149,-2.8643
2025-11-21,185.0,188.98,179.0,179.0,2039291,374396749.49,2.8186,-6.2484
2025-11-24,183.0,187.89,179.3,181.0,1903698,350202527.63,2.6312,1.1173
2025-11-25,186.01,189.74,178.68,179.24,2435201,444594455.35,3.3658,-0.9724
2025-11-26,177.0,181.38,172.27,173.63,2977827,524754327.6,4.1158,-3.1299
2025-11-27,173.26,186.02,172.5,177.48,2206290,398155737.75,3.0494,2.2174
2025-11-28,176.57,192.6,173.51,188.8,4444663,822455802.97,6.1431,6.3782
2025-12-01,187.9,188.86,176.61,181.8,2744418,500560942.11,3.7932,-3.7076
2025-12-02,181.87,186.68,176.24,179.14,1744865,314849160.12,2.4116,-1.4631
2025-12-03,178.36,192.6,178.36,187.71,3594422,675363716.28,4.968,4.784
2025-12-04,190.71,196.88,181.1,193.0,3489101,663679639.81,4.8224,2.8182
2025-12-05,193.32,197.18,187.18,190.15,2568117,492363657.22,3.5495,-1.4767
2025-12-08,192.0,201.75,183.04,198.0,3202243,618611504.86,4.4259,4.1283
2025-12-09,197.04,201.93,192.0,197.11,2239491,439310190.22,3.0953,-0.4495
2025-12-10,195.2,200.8,189.0,195.8,2058284,400147684.69,2.8448,-0.6646
2025-12-11,197.98,200.55,192.1,195.91,2032122,400893249.72,2.8087,0.0562
2025-12-12,194.01,214.88,194.0,214.88,4159275,854092831.67,5.7487,9.683
2025-12-15,208.88,214.88,203.87,204.17,2841201,590696206.06,3.9269,-4.9842
2025-12-16,204.3,206.0,193.42,196.85,2134559,423409986.13,2.9503,-3.5852
2025-12-17,198.0,208.86,195.77,206.0,2340399,475980681.61,3.2348,4.6482
2025-12-18,208.88,212.01,197.2,197.65,2980066,604091558.77,4.1189,-4.0534
2025-12-19,202.0,215.88,194.02,208.06,3586779,741103366.79,4.9574,5.2669
2025-12-22,216.68,249.67,214.5,249.59,7227627,1739558086.75,9.9896,19.9606
2025-12-23,242.0,261.23,242.0,256.7,5031045,1283428820.52,6.9536,2.8487
2025-12-24,258.7,270.88,247.1,264.97,5825406,1504804184.28,8.0515,3.2217
2025-12-25,260.0,261.0,248.06,253.99,4686282,1187228586.54,6.4771,-4.1439
2025-12-26,253.1,260.0,239.86,244.6,4443734,1097749149.96,6.1419,-3.697
2025-12-29,240.0,250.0,235.38,250.0,4288541,1040782413.95,5.9274,2.2077
2025-12-30,245.86,264.46,230.2,230.99,7108484,1725724038.25,9.8249,-7.604
2025-12-31,241.5,242.3,217.0,223.59,5633794,1277932879.6,7.7867,-3.2036
2026-01-05,227.0,237.9,226.01,233.58,3863854,900410102.43,5.3404,4.468
2026-01-06,237.0,248.75,227.0,228.52,5421313,1288035414.37,7.493,-2.1663
2026-01-07,237.5,253.5,237.5,244.29,5681313,1393541124.88,7.8524,6.9009
2026-01-08,240.18,252.93,236.83,242.22,4516046,1099699950.18,6.2418,-0.8474
2026-01-09,240.18,245.78,232.12,241.04,4221177,1007500718.07,5.8342,-0.4872
2026-01-12,240.95,242.0,233.0,234.25,4953086,1169219870.06,6.8458,-2.817
2026-01-13,233.8,233.8,206.0,210.0,8635203,1870217505.95,11.935,-10.3522
2026-01-14,214.0,216.87,206.6,210.96,5440193,1151035679.88,7.5191,0.4571
2026-01-15,210.73,221.8,206.01,218.8,5687307,1217043225.99,7.8606,3.7163
2026-01-16,222.67,259.33,222.67,248.0,10647515,2545224305.06,14.7163,13.3455
2026-01-19,256.0,256.0,243.66,251.49,4859404,1215255134.98,6.7164,1.4073
2026-01-20,245.1,256.05,237.01,249.97,5132513,1263163319.01,7.0938,-0.6044
2026-01-21,248.8,272.68,248.18,257.0,5862491,1523973398.09,8.1028,2.8123
2026-01-22,260.0,264.59,241.01,248.0,5105210,1261650580.81,7.0561,-3.5019
2026-01-23,252.0,278.58,248.7,275.18,7850902,2095006115.88,10.851,10.9597
2026-01-26,289.0,295.87,271.0,278.87,8972762,2557131495.17,12.4016,1.3409
2026-01-27,277.66,315.0,275.88,307.85,7335538,2165752847.95,10.1387,10.3919
2026-01-28,307.85,317.0,297.02,316.0,6262221,1915447934.73,8.6553,2.6474
2026-01-29,306.57,312.0,286.21,289.0,5738796,1713116905.49,7.9318,-8.5443
2026-01-30,290.0,303.0,285.9,285.93,5038356,1479049067.93,6.9637,-1.0623
2026-02-02,280.49,285.9,270.0,270.0,4906635,1361174845.67,6.7816,-5.5713
2026-02-03,281.58,290.68,275.1,288.0,5282034,1498259960.45,7.3005,6.6667
2026-02-04,285.37,299.54,285.37,291.0,3587168,1052435050.66,4.958,1.0417
2026-02-05,280.0,297.22,273.01,294.0,5204392,1482671537.14,7.1932,1.0309
2026-02-06,287.5,302.79,280.42,287.99,5991727,1754541041.1,8.2814,-2.0442
2026-02-09,297.0,301.6,286.0,297.32,4286453,1261715850.3,5.9245,3.2397
2026-02-10,297.0,303.0,286.0,288.58,3217126,943944608.67,4.4465,-2.9396
2026-02-11,286.87,290.0,268.18,273.75,4307180,1184850193.17,5.9531,-5.139
2026-02-12,278.0,281.36,272.17,276.0,3023098,835174287.7,4.1783,0.8219
2026-02-13,272.42,294.73,272.42,287.8,4567063,1316234836.9,6.3123,4.2754
2026-02-24,292.0,300.88,273.3,291.75,3595482,1037074333.7,4.9695,1.3725
2026-02-25,290.0,319.71,279.0,313.0,5945179,1789192924.29,8.2171,7.2836
2026-02-26,310.0,319.0,297.04,310.3,4038053,1236218882.47,5.5811,-0.8626
2026-02-27,300.6,310.0,298.0,306.07,2996373,910164411.68,4.1414,-1.3632
2026-03-02,286.52,291.28,280.97,286.58,5589898,1599449272.68,7.726,-6.3678
2026-03-03,282.01,285.88,263.11,266.0,5148964,1411688919.68,7.1166,-7.1812
2026-03-04,262.2,272.94,262.2,266.49,2591427,693280173.89,3.5817,0.1842
2026-03-05,274.7,278.57,262.62,265.55,2971801,805017158.59,4.1074,-0.3527
2026-03-06,265.0,267.87,257.17,257.82,2813641,734726096.62,3.8888,-2.9109
2026-03-09,244.93,248.0,230.0,245.8,4725492,1132763937.63,6.5313,-4.6622
2026-03-10,256.0,256.0,243.6,249.33,3926048,978687860.94,5.4263,1.4361
2026-03-11,252.0,252.0,238.56,239.95,3314819,806072874.51,4.5815,-3.7621
2026-03-12,239.01,242.98,231.51,234.68,3181912,751272740.0,4.3978,-2.1963
2026-03-13,230.04,238.89,230.04,231.75,2201955,514887410.04,3.0434,-1.2485
2026-03-16,231.89,240.71,228.0,237.0,3495312,821134886.9,4.831,2.2654
2026-03-17,246.0,246.88,234.0,234.44,3598062,860703094.79,4.973,-1.0802
2026-03-18,240.0,246.98,235.03,245.6,4135734,996365880.45,5.7162,4.7603
2026-03-19,240.2,248.88,240.2,241.07,3569214,868999238.4,4.9331,-1.8445
2026-03-20,244.5,255.5,238.27,248.3,5597519,1392352715.79,7.7365,2.9991
2026-03-23,240.0,245.7,226.52,228.0,4346850,1021165255.71,6.0079,-8.1756
2026-03-24,233.4,240.0,225.68,238.0,3169319,738971911.72,4.3804,4.386
2026-03-25,244.8,259.51,244.21,248.9,4940426,1243134181.95,6.8283,4.5798
2026-03-26,249.55,250.06,232.5,235.46,3599637,856187947.88,4.9752,-5.3998
