日期,开盘,收盘,最高,最低,成交量
2021-01-04,45.39,47.79,47.8,45.11,152637.74
2021-01-05,47.4,47.34,49.07,46.7,133717.44
2021-01-06,47.47,47.1,47.87,46.12,98867.9
2021-01-07,47.22,49.2,49.23,46.21,162906.7
2021-01-08,48.87,46.82,49.47,46.0,167624.68
2021-01-11,46.67,45.87,47.6,45.07,149965.56
2021-01-12,45.51,46.2,46.51,44.7,113581.04
2021-01-13,46.15,43.71,46.35,42.95,183988.01
2021-01-14,43.79,43.94,44.56,43.01,91025.64
2021-01-15,43.84,43.2,43.87,42.22,84991.51
2021-01-18,43.2,44.87,45.13,42.37,92684.9
2021-01-19,44.99,44.31,45.92,43.9,72745.71
2021-01-20,44.0,44.36,45.23,43.0,106441.58
2021-01-21,44.11,48.23,48.48,44.11,192015.6
2021-01-22,48.17,50.75,50.87,47.6,183377.85
2021-01-25,50.75,50.91,52.0,49.82,196872.17
2021-01-26,50.52,51.47,52.39,49.87,127092.18
2021-01-27,51.48,50.45,51.93,48.55,142154.78
2021-01-28,49.03,48.3,50.1,48.0,122805.71
2021-01-29,48.85,48.0,49.3,47.18,130509.23
2021-02-01,48.1,50.71,51.43,48.0,150527.62
2021-02-02,50.78,51.3,51.75,49.61,136627.78
2021-02-03,51.5,50.3,52.39,50.29,114143.69
2021-02-04,50.52,51.7,52.84,50.4,155783.3
2021-02-05,51.62,49.36,53.48,49.15,163207.72
2021-02-08,49.37,51.6,52.0,49.37,111697.9
2021-02-09,49.52,51.38,51.68,48.8,179478.46
2021-02-10,52.3,55.68,56.37,51.8,206215.36
2021-02-18,57.01,56.5,58.0,54.5,207280.27
2021-02-19,55.6,54.0,56.45,52.29,166029.86
2021-02-22,53.72,50.68,54.0,50.68,144481.82
2021-02-23,49.88,49.3,51.1,49.0,105373.23
2021-02-24,49.6,47.53,50.65,47.01,131711.28
2021-02-25,47.98,46.97,48.2,46.61,82296.56
2021-02-26,41.54,45.04,45.65,41.54,128391.02
2021-03-01,45.29,46.24,46.68,44.5,103047.37
2021-03-02,46.5,45.7,46.67,44.98,78091.89
2021-03-03,45.51,44.95,45.8,44.0,83537.33
2021-03-04,45.2,43.7,45.28,43.02,133248.12
2021-03-05,43.2,44.0,44.78,42.68,82439.9
2021-03-08,44.0,39.93,44.3,39.9,162371.53
2021-03-09,39.5,38.39,39.93,38.02,145664.56
2021-03-10,39.4,38.65,39.66,38.25,104554.38
2021-03-11,39.08,39.81,40.26,38.66,149804.83
2021-03-12,40.09,40.2,40.94,38.71,204453.11
2021-03-15,39.44,38.86,39.74,38.0,90249.53
2021-03-16,39.23,38.91,39.37,38.4,50487.29
2021-03-17,38.75,39.76,40.16,38.26,71483.4
2021-03-18,39.76,40.19,40.68,39.65,63271.74
2021-03-19,39.46,40.28,40.68,39.22,87583.65
2021-03-22,40.28,41.0,41.21,39.7,62483.29
2021-03-23,41.0,40.7,41.2,39.4,97074.34
2021-03-24,40.17,40.36,40.73,39.79,55631.86
2021-03-25,40.08,41.26,41.85,39.83,59939.71
2021-03-26,41.5,41.99,42.28,40.9,60600.32
2021-03-29,42.2,42.68,43.15,42.03,66554.06
2021-03-30,42.77,42.7,43.05,42.35,41659.01
2021-03-31,42.68,42.46,42.84,41.41,43732.54
2021-04-01,42.6,43.56,43.62,42.26,47078.75
2021-04-02,43.65,44.18,44.59,43.36,42305.42
2021-04-06,44.48,42.77,44.48,41.91,71835.08
2021-04-07,42.96,42.74,42.99,42.0,44177.04
2021-04-08,42.63,43.7,44.18,42.21,48539.36
2021-04-09,43.73,44.35,45.18,43.44,62217.23
2021-04-12,44.02,43.64,44.25,42.95,56257.76
2021-04-13,43.51,43.56,44.19,43.29,38320.76
2021-04-14,43.3,42.87,43.74,42.5,39532.44
2021-04-15,42.61,44.22,44.94,42.61,74304.52
2021-04-16,45.0,43.89,45.0,42.78,70744.75
2021-04-19,43.64,47.5,47.79,43.51,106605.48
2021-04-20,47.01,49.26,49.58,47.01,101017.21
2021-04-21,49.0,48.9,50.12,48.51,80412.61
2021-04-22,49.1,49.21,49.7,48.8,54874.41
2021-04-23,49.6,49.98,49.99,49.01,67649.69
2021-04-26,50.0,49.57,50.9,49.41,81247.02
2021-04-27,49.35,49.5,50.2,48.8,43117.58
2021-04-28,49.5,49.82,50.4,49.41,40054.98
2021-04-29,49.32,48.8,49.6,48.35,62225.34
2021-04-30,48.82,49.5,49.68,47.86,68476.14
2021-05-06,49.48,48.93,50.34,48.11,58244.62
2021-05-07,48.7,47.46,49.18,47.17,58520.67
2021-05-10,47.34,47.28,48.38,46.73,55839.41
2021-05-11,46.86,46.77,47.57,46.38,48217.0
2021-05-12,46.66,46.87,47.35,45.85,59510.31
2021-05-13,46.17,47.16,47.48,46.01,39916.48
2021-05-14,47.17,47.98,48.32,46.5,58639.5
2021-05-17,49.0,49.09,49.65,48.5,112468.3
2021-05-18,48.57,48.35,48.99,47.08,52934.23
2021-05-19,47.85,48.76,48.91,47.7,40016.62
2021-05-20,48.88,50.02,50.68,48.72,81995.57
2021-05-21,50.5,49.2,50.5,48.64,53416.25
2021-05-24,49.46,49.0,50.09,48.44,41731.83
2021-05-25,49.01,49.46,49.95,48.58,65337.49
2021-05-26,53.0,50.54,54.0,50.28,188175.15
2021-05-27,50.54,51.76,52.3,50.4,112574.41
2021-05-28,51.59,51.08,52.37,50.85,80216.52
2021-05-31,51.7,52.1,53.36,51.2,86835.3
2021-06-01,51.52,51.66,51.95,50.22,89382.22
2021-06-02,51.6,50.29,51.6,49.92,67793.26
2021-06-03,49.96,49.7,51.1,49.53,58612.22
2021-06-04,49.9,50.97,51.32,49.55,66102.54
2021-06-07,50.95,51.33,51.68,49.9,67936.9
2021-06-08,51.32,50.21,52.77,50.02,65260.37
2021-06-09,50.21,50.98,51.44,50.21,47747.09
2021-06-10,50.73,52.39,52.5,50.73,71852.87
2021-06-11,52.5,51.5,52.5,51.15,60341.97
2021-06-15,51.45,50.51,51.69,49.78,49027.49
2021-06-16,50.6,47.87,50.8,47.8,85794.79
2021-06-17,47.87,48.17,48.64,47.76,46294.66
2021-06-18,48.47,48.48,49.12,47.83,64640.13
2021-06-21,48.0,47.96,48.77,46.99,84751.78
2021-06-22,48.1,49.2,49.44,47.6,66360.48
2021-06-23,49.0,48.75,49.3,48.01,55370.57
2021-06-24,48.45,48.75,48.84,47.72,57670.67
2021-06-25,48.8,49.35,49.86,48.56,56403.12
2021-06-28,49.2,50.39,50.4,48.9,65472.66
2021-06-29,50.49,48.79,50.5,48.3,66082.39
2021-06-30,48.99,48.75,49.15,47.0,56161.03
2021-07-01,48.51,46.88,48.99,46.6,74936.2
2021-07-02,46.7,45.2,47.35,45.12,60935.44
2021-07-05,45.16,45.3,45.88,44.25,56285.24
2021-07-06,45.0,45.0,45.22,44.12,61458.45
2021-07-07,44.8,47.14,47.42,44.43,73024.24
2021-07-08,47.5,46.5,47.53,46.31,63159.66
2021-07-09,46.01,45.04,46.61,44.7,104619.77
2021-07-12,45.49,47.01,47.43,45.2,85488.58
2021-07-13,47.01,46.58,47.2,46.2,43690.51
2021-07-14,46.88,47.16,48.3,46.41,92342.47
2021-07-15,47.16,47.61,47.88,46.72,72203.35
2021-07-16,47.71,46.56,47.99,46.51,64973.65
2021-07-19,46.4,47.91,48.33,46.3,79430.84
2021-07-20,47.8,47.89,48.3,47.22,60380.51
2021-07-21,48.24,49.36,49.49,48.0,98460.33
2021-07-22,49.36,48.76,49.75,48.35,65429.85
2021-07-23,48.8,47.1,48.8,46.3,91593.34
2021-07-26,46.87,46.42,47.44,45.1,72108.17
2021-07-27,46.39,44.63,47.18,44.27,140135.08
2021-07-28,45.0,45.2,46.1,44.44,126798.89
2021-07-29,46.05,48.73,48.84,46.01,163235.96
2021-07-30,48.92,46.74,48.95,46.46,104544.77
2021-08-02,46.77,47.86,48.39,46.77,92465.67
2021-08-03,48.52,51.07,51.95,47.6,208311.79
2021-08-04,51.08,51.15,51.5,49.85,121144.24
2021-08-05,51.49,51.15,51.66,50.52,89927.03
2021-08-06,51.11,48.88,51.11,48.6,99595.41
2021-08-09,48.59,48.91,49.36,47.86,72789.6
2021-08-10,48.83,49.29,49.3,47.89,79806.34
2021-08-11,49.29,47.93,49.29,47.6,97447.62
2021-08-12,47.63,46.77,47.63,46.3,83460.93
2021-08-13,46.9,48.25,48.42,46.9,89346.91
2021-08-16,48.45,48.82,50.1,48.19,100061.89
2021-08-17,48.82,47.95,48.84,47.62,81111.1
2021-08-18,47.3,46.29,47.91,45.74,94492.15
2021-08-19,46.31,45.93,46.86,45.41,52347.26
2021-08-20,45.2,44.58,45.65,44.01,80536.28
2021-08-23,44.02,46.0,46.12,43.6,73990.0
2021-08-24,45.7,44.99,45.99,44.8,67160.85
2021-08-25,45.37,46.17,46.22,45.09,74411.77
2021-08-26,45.8,46.15,46.45,45.48,44563.93
2021-08-27,46.3,45.99,46.39,45.61,59830.66
2021-08-30,46.48,45.37,46.73,45.05,65143.43
2021-08-31,45.5,45.76,45.79,44.68,77867.92
2021-09-01,45.55,45.94,45.98,44.12,61687.19
2021-09-02,45.6,44.42,46.2,44.21,56415.05
2021-09-03,43.5,40.99,44.1,40.89,178995.37
2021-09-06,40.2,43.7,44.19,40.15,94063.56
2021-09-07,43.17,42.0,43.7,41.61,71648.05
2021-09-08,41.75,42.05,42.75,41.43,43172.38
2021-09-09,41.61,42.36,42.44,41.61,47753.27
2021-09-10,41.99,43.7,43.94,41.99,56089.82
2021-09-13,43.7,42.87,44.15,42.75,44981.45
2021-09-14,42.88,42.14,43.29,42.02,44358.37
2021-09-15,41.73,41.28,42.22,41.1,28366.64
2021-09-16,41.29,40.71,41.99,40.59,48591.11
2021-09-17,40.35,42.31,42.85,40.35,61602.51
2021-09-22,42.0,41.12,42.64,40.91,30054.85
2021-09-23,41.12,42.47,42.9,40.91,49884.78
2021-09-24,42.45,42.67,42.72,41.64,46812.87
2021-09-27,42.68,43.55,43.9,42.3,54928.18
2021-09-28,43.64,41.57,43.64,41.51,55972.99
2021-09-29,41.84,41.21,42.3,40.8,39081.03
2021-09-30,41.21,41.15,41.6,40.95,26762.12
2021-10-08,41.88,41.83,42.4,41.11,38934.39
2021-10-11,41.88,43.87,44.16,41.74,58417.77
2021-10-12,43.92,43.43,44.17,42.86,38077.21
2021-10-13,43.09,44.85,45.33,43.01,54873.5
2021-10-14,44.85,44.31,45.35,44.0,43023.54
2021-10-15,44.07,44.07,44.47,43.55,34922.66
2021-10-18,44.52,43.73,44.87,43.03,32053.12
2021-10-19,43.2,44.5,44.66,43.2,32595.65
2021-10-20,44.5,44.88,45.45,44.21,38377.17
2021-10-21,45.0,44.1,45.28,43.83,30384.57
2021-10-22,43.39,45.68,46.02,43.21,72690.5
2021-10-25,45.6,44.6,45.6,44.38,47812.16
2021-10-26,44.63,43.69,44.93,43.54,42281.5
2021-10-27,43.6,42.3,43.68,40.95,69094.16
2021-10-28,42.0,42.86,43.28,41.71,42065.96
2021-10-29,42.71,42.78,43.3,42.54,22403.17
2021-11-01,43.0,42.62,43.0,42.0,28182.94
2021-11-02,42.28,43.7,43.88,42.28,43562.41
2021-11-03,43.65,44.78,44.95,43.46,45822.48
2021-11-04,44.99,44.66,45.57,44.25,36368.72
2021-11-05,44.4,44.7,45.3,44.4,19967.85
2021-11-08,45.89,45.55,46.19,44.08,57059.37
2021-11-09,46.0,45.87,46.33,45.28,42524.04
2021-11-10,45.93,45.11,46.05,44.9,27979.33
2021-11-11,44.81,44.37,45.1,43.5,53027.75
2021-11-12,44.01,45.0,45.25,44.01,32289.48
2021-11-15,44.93,44.41,45.26,43.33,42543.5
2021-11-16,43.91,45.13,45.41,43.82,49734.86
2021-11-17,45.42,45.52,45.98,44.77,37067.93
2021-11-18,45.51,44.41,45.98,44.35,24906.98
2021-11-19,44.41,44.41,45.03,43.5,38686.35
2021-11-22,44.43,43.25,44.76,43.23,74828.54
2021-11-23,43.15,43.3,43.8,42.9,32356.42
2021-11-24,43.3,42.96,43.5,42.9,23323.64
2021-11-25,42.9,43.15,43.24,42.49,18486.3
2021-11-26,43.25,43.49,43.8,42.68,30595.45
2021-11-29,43.0,43.8,44.16,42.82,33963.31
2021-11-30,43.79,44.9,45.08,43.4,58116.13
2021-12-01,44.9,45.41,45.55,44.7,50839.71
2021-12-02,45.4,44.78,46.55,44.6,37943.37
2021-12-03,44.41,44.76,45.22,44.14,22634.0
2021-12-06,44.91,44.03,45.05,43.88,26165.36
2021-12-07,44.39,43.52,44.39,43.35,28043.35
2021-12-08,43.52,43.98,44.25,43.36,27093.44
2021-12-09,43.97,43.99,44.29,42.89,57313.53
2021-12-10,43.75,43.2,44.03,42.9,52150.74
2021-12-13,43.0,43.15,43.56,42.72,36580.69
2021-12-14,43.09,43.25,43.37,42.9,24319.56
2021-12-15,43.19,42.81,43.33,42.73,23521.37
2021-12-16,42.82,43.34,43.46,42.5,23502.61
2021-12-17,43.19,41.9,43.29,41.9,39095.92
2021-12-20,41.46,41.63,42.27,41.29,32712.94
2021-12-21,41.55,41.5,41.98,40.83,39508.7
2021-12-22,41.48,41.37,41.68,41.17,22580.28
2021-12-23,41.5,41.72,41.88,40.9,29784.81
2021-12-24,41.6,42.23,42.27,41.43,23306.66
2021-12-27,42.23,42.1,42.58,41.71,25229.72
2021-12-28,42.1,41.64,42.16,41.42,18007.24
2021-12-29,41.88,42.2,42.55,41.64,36348.15
2021-12-30,41.9,42.13,42.54,41.87,21576.05
2021-12-31,42.09,42.57,43.2,42.09,49119.66
2022-01-04,42.98,41.85,43.0,41.5,43117.82
2022-01-05,41.55,40.96,41.93,40.42,67309.65
2022-01-06,41.1,39.5,41.15,39.47,60984.28
2022-01-07,39.51,38.45,39.75,38.27,95252.07
2022-01-10,38.45,39.13,39.36,38.15,76054.82
2022-01-11,39.13,40.1,41.0,38.82,51319.98
2022-01-12,40.5,42.17,42.29,40.29,69673.79
2022-01-13,42.54,41.28,42.54,40.56,40705.35
2022-01-14,40.86,41.55,41.8,40.86,36472.89
2022-01-17,41.44,42.15,42.5,40.9,50987.09
2022-01-18,42.1,42.26,42.46,41.53,35103.59
2022-01-19,42.25,42.04,42.85,41.85,38582.49
2022-01-20,41.85,41.29,42.69,41.07,40806.09
2022-01-21,41.09,41.12,42.35,40.02,62350.74
2022-01-24,40.3,40.06,41.09,40.01,39110.84
2022-01-25,40.05,39.63,40.33,39.6,31508.38
2022-01-26,40.05,40.98,42.26,39.52,76228.11
2022-01-27,40.95,40.51,41.79,40.43,34860.9
2022-01-28,42.01,40.1,42.01,39.67,45291.64
2022-02-07,40.55,39.59,40.88,39.41,49364.48
2022-02-08,39.59,40.0,40.05,39.17,26001.77
2022-02-09,40.0,40.58,41.3,39.72,38632.82
2022-02-10,40.89,40.57,40.96,40.17,33442.19
2022-02-11,40.28,41.3,41.88,40.01,56898.27
2022-02-14,40.81,40.67,41.84,40.47,50960.42
2022-02-15,40.7,39.57,40.88,39.01,48241.24
2022-02-16,39.68,39.16,39.77,38.7,39148.84
2022-02-17,39.0,40.0,40.4,38.83,38746.3
2022-02-18,39.71,40.09,40.26,39.61,25679.01
2022-02-21,39.88,38.73,40.21,38.71,36865.95
2022-02-22,38.57,37.17,38.57,36.11,86564.74
2022-02-23,36.56,38.26,38.31,36.56,54073.02
2022-02-24,38.0,36.1,38.27,35.85,74533.72
2022-02-25,36.48,36.38,36.8,35.58,72234.28
2022-02-28,36.27,37.17,37.35,36.24,39302.28
2022-03-01,37.2,36.42,37.44,36.08,42369.29
2022-03-02,36.14,36.54,36.67,35.92,28268.86
2022-03-03,36.55,35.6,36.58,35.6,24298.64
2022-03-04,35.0,35.71,35.91,34.98,47212.88
2022-03-07,35.42,34.65,35.66,34.5,71973.9
2022-03-08,34.6,33.43,34.95,33.34,56565.66
2022-03-09,33.59,33.42,34.0,32.01,85528.42
2022-03-10,34.7,34.96,35.42,34.02,85980.55
2022-03-11,35.0,35.26,35.48,34.27,67967.02
2022-03-14,35.15,34.81,35.48,34.68,49461.56
2022-03-15,34.3,32.86,35.17,32.75,70487.52
2022-03-16,33.17,33.8,34.0,31.43,67067.93
2022-03-17,34.31,33.97,34.62,33.42,71113.0
2022-03-18,33.9,34.32,34.97,33.52,48892.77
2022-03-21,34.73,34.25,34.78,33.65,38245.69
2022-03-22,33.9,34.1,34.55,33.62,26046.06
2022-03-23,33.99,35.5,36.1,33.88,60767.33
2022-03-24,35.2,34.48,35.2,34.48,37381.95
2022-03-25,34.19,34.2,34.89,34.1,27096.02
2022-03-28,33.83,34.46,34.68,33.48,25610.69
2022-03-29,34.76,35.8,36.2,34.5,54503.6
2022-03-30,36.0,36.14,36.3,35.27,39909.86
2022-03-31,36.07,34.6,36.3,34.51,41846.93
2022-04-01,34.3,35.43,35.45,34.08,35999.0
2022-04-06,35.17,34.71,35.4,34.22,28958.0
2022-04-07,34.48,33.41,34.54,33.16,35027.0
2022-04-08,33.72,33.66,33.86,33.12,24440.0
2022-04-11,33.31,32.54,33.54,32.1,28083.0
2022-04-12,32.01,32.55,32.8,31.69,31467.0
2022-04-13,32.28,31.98,32.67,31.8,18135.0
2022-04-14,32.34,31.35,32.49,31.0,32253.0
2022-04-15,31.14,32.22,32.66,30.97,35064.0
2022-04-18,32.03,33.48,33.93,31.52,31587.0
2022-04-19,33.53,32.76,33.75,32.62,15856.0
2022-04-20,32.98,32.12,33.16,32.1,17225.0
2022-04-21,32.05,30.52,32.24,30.39,38656.0
2022-04-22,30.52,30.29,30.73,29.26,52910.0
2022-04-25,30.17,28.25,30.63,28.2,66047.0
2022-04-26,28.28,31.31,32.5,28.28,197049.0
2022-04-27,31.89,32.03,32.27,30.69,76025.0
2022-04-28,32.0,31.3,32.19,30.78,49976.0
2022-04-29,31.5,32.66,32.75,31.0,43828.0
2022-05-05,32.21,32.29,32.9,32.0,39994.0
2022-05-06,31.76,31.69,32.11,31.43,31796.0
2022-05-09,32.0,31.4,32.47,31.0,39932.0
2022-05-10,31.0,32.75,33.0,30.7,52100.0
2022-05-11,32.78,33.33,33.92,32.18,61756.0
2022-05-12,33.0,33.32,33.69,32.6,27840.0
2022-05-13,33.61,33.85,33.99,32.96,31324.0
2022-05-16,33.99,33.12,34.28,33.0,35933.0
2022-05-17,33.16,34.19,34.22,33.06,34461.0
2022-05-18,34.0,33.38,34.26,32.96,48176.0
2022-05-19,32.85,33.18,33.28,32.52,29423.0
2022-05-20,33.01,33.71,34.16,33.0,26987.0
2022-05-23,33.84,33.37,34.08,33.2,19453.0
2022-05-24,33.35,31.28,33.4,31.2,56188.0
2022-05-25,31.32,32.04,32.13,31.12,28436.0
2022-05-26,32.02,32.32,32.58,31.71,20832.0
2022-05-27,32.6,33.71,34.42,32.08,59768.0
2022-05-30,34.18,35.02,35.13,33.5,57009.0
2022-05-31,35.0,35.65,35.7,34.78,47354.0
2022-06-01,35.7,35.68,36.07,35.11,49938.0
2022-06-02,35.59,36.0,36.17,35.17,35849.0
2022-06-06,36.36,38.5,38.86,36.18,64645.0
2022-06-07,38.5,38.18,38.51,37.83,35985.0
2022-06-08,38.59,38.35,38.67,37.71,81002.0
2022-06-09,38.21,37.4,38.21,37.0,46376.0
2022-06-10,37.03,37.01,37.6,36.78,52741.0
2022-06-13,36.68,37.01,37.12,36.26,35790.0
2022-06-14,36.55,37.4,37.59,36.19,28088.0
2022-06-15,37.0,36.61,37.97,36.52,32388.0
2022-06-16,36.6,36.46,37.4,36.3,31707.0
2022-06-17,36.39,37.79,38.04,36.35,44544.0
2022-06-20,37.96,36.87,38.0,36.5,42144.0
2022-06-21,36.82,36.48,36.84,35.9,41512.0
2022-06-22,36.54,35.5,36.54,35.37,39341.0
2022-06-23,35.5,35.86,35.98,35.07,29349.0
2022-06-24,35.94,36.3,36.32,35.3,52730.0
2022-06-27,36.49,36.08,36.81,35.57,50214.0
2022-06-28,35.95,35.93,36.25,35.78,41480.0
2022-06-29,35.9,35.2,36.17,35.1,44906.0
2022-06-30,35.09,35.92,36.75,35.08,47754.0
2022-07-01,35.84,34.82,36.3,34.82,46910.0
2022-07-04,34.8,34.95,35.5,34.69,44579.0
2022-07-05,35.23,34.37,35.39,33.67,59761.0
2022-07-06,34.45,33.45,34.6,33.03,42304.0
2022-07-07,33.43,33.57,33.91,33.1,30385.0
2022-07-08,33.92,32.86,33.95,32.82,52073.0
2022-07-11,32.55,32.16,33.0,31.79,44967.0
2022-07-12,32.33,31.58,32.33,31.3,63224.0
2022-07-13,31.59,31.9,32.1,31.43,37301.0
2022-07-14,32.0,31.99,32.49,31.5,49984.0
2022-07-15,31.95,32.25,33.08,31.77,48711.0
2022-07-18,32.26,33.0,33.11,32.11,46707.0
2022-07-19,33.0,33.89,34.02,32.59,63572.0
2022-07-20,33.99,34.4,34.5,33.53,48121.0
2022-07-21,34.17,34.0,34.62,34.0,37412.0
2022-07-22,34.1,33.58,34.25,33.21,51820.0
2022-07-25,33.51,32.4,33.83,32.1,50674.0
2022-07-26,32.44,32.93,33.4,32.03,35704.0
2022-07-27,33.15,32.36,33.15,32.16,28479.0
2022-07-28,32.43,32.42,33.27,32.21,33374.0
2022-07-29,32.47,31.87,32.67,31.86,18242.0
2022-08-01,31.86,33.08,33.16,31.36,32839.0
2022-08-02,32.76,33.78,34.3,32.36,66059.0
2022-08-03,33.5,32.72,34.29,32.65,61443.0
2022-08-04,33.16,32.9,33.96,32.45,35796.0
2022-08-05,32.85,34.12,34.49,32.7,61562.0
2022-08-08,34.3,34.01,34.3,33.4,33309.0
2022-08-09,33.96,33.5,33.96,33.23,30025.0
2022-08-10,33.39,33.35,33.86,33.13,27678.0
2022-08-11,33.58,33.92,34.15,33.3,36063.0
2022-08-12,33.99,33.7,33.99,33.5,25543.0
2022-08-15,33.51,35.0,35.2,33.4,72484.0
2022-08-16,34.83,33.92,34.83,33.58,66607.0
2022-08-17,33.91,33.9,34.0,33.0,49775.0
2022-08-18,33.62,35.03,35.45,33.38,91504.0
2022-08-19,35.08,33.4,35.08,33.33,65966.0
2022-08-22,33.1,34.21,34.92,33.0,59778.0
2022-08-23,34.25,33.0,34.25,32.86,57557.0
2022-08-24,32.71,32.4,33.23,32.0,37520.0
2022-08-25,32.39,32.4,33.02,31.6,52212.0
2022-08-26,31.78,32.6,32.73,31.78,59904.0
2022-08-29,32.22,32.36,32.86,31.77,49179.0
2022-08-30,32.43,32.3,32.43,31.66,52162.0
2022-08-31,32.03,31.7,32.4,31.6,41250.0
2022-09-01,31.63,31.2,31.99,30.91,41636.0
2022-09-02,31.21,30.49,31.67,30.45,31631.0
2022-09-05,30.48,30.26,30.48,29.69,35161.0
2022-09-06,30.27,30.09,30.47,29.6,37299.0
2022-09-07,30.1,30.23,30.6,29.7,26755.0
2022-09-08,30.06,29.8,30.44,29.7,29946.0
2022-09-09,30.85,32.05,32.48,30.85,102732.0
2022-09-13,31.61,32.22,33.63,31.61,63742.0
2022-09-14,31.76,33.1,33.33,31.67,59100.0
2022-09-15,33.08,31.57,33.48,31.45,66281.0
2022-09-16,31.58,30.8,32.0,30.8,30725.0
2022-09-19,30.88,31.11,31.28,30.23,26706.0
2022-09-20,31.3,30.88,31.54,30.72,18461.0
2022-09-21,30.64,31.28,31.65,30.31,28179.0
2022-09-22,31.01,31.2,31.5,30.92,17442.0
2022-09-23,31.09,30.67,31.33,30.2,30292.0
2022-09-26,30.31,30.4,30.86,30.3,28988.0
2022-09-27,30.66,31.23,31.23,30.24,34929.0
2022-09-28,31.13,30.01,31.14,29.86,35800.0
2022-09-29,30.3,30.02,30.7,29.78,17628.0
2022-09-30,30.0,28.97,30.25,28.97,26080.0
2022-10-10,28.76,26.77,28.86,26.51,61399.0
2022-10-11,26.95,26.45,26.95,25.93,72252.0
2022-10-12,26.21,25.83,26.54,24.96,118970.0
2022-10-13,25.55,25.37,25.73,24.6,106560.0
2022-10-14,25.48,25.47,25.9,23.73,232481.0
2022-10-17,24.97,26.03,26.34,24.75,141489.0
2022-10-18,26.12,26.0,26.45,25.35,109886.0
2022-10-19,25.95,24.81,26.08,24.81,119794.0
2022-10-20,24.5,24.48,25.05,24.08,82872.0
2022-10-21,24.57,24.04,24.68,23.95,64849.0
2022-10-24,24.0,23.65,24.77,23.46,84465.0
2022-10-25,22.8,22.54,22.96,21.41,206495.0
2022-10-26,22.52,23.72,24.29,22.43,180377.0
2022-10-27,23.99,23.04,23.99,23.04,68422.0
2022-10-28,23.2,22.59,23.34,22.48,93405.0
2022-10-31,22.51,23.08,23.51,22.43,68510.0
2022-11-01,23.0,24.2,24.26,22.92,86116.0
2022-11-02,23.84,24.6,24.8,23.78,88830.0
2022-11-03,24.5,25.41,25.56,24.25,108510.0
2022-11-04,25.5,26.24,26.44,25.32,101462.0
2022-11-07,26.07,26.91,27.31,26.03,73970.0
2022-11-08,27.13,27.17,27.18,26.4,54828.0
2022-11-09,27.16,26.47,27.16,26.45,40688.0
2022-11-10,26.5,26.53,26.99,26.2,33556.0
2022-11-11,27.39,28.0,28.18,27.0,83213.0
2022-11-14,27.93,27.96,28.5,27.59,50364.0
2022-11-15,27.94,30.3,30.57,27.81,114295.0
2022-11-16,30.29,30.34,30.85,30.1,63051.0
2022-11-17,30.21,29.78,30.23,29.27,58154.0
2022-11-18,30.0,29.96,30.7,29.74,51307.0
2022-11-21,29.65,29.66,30.41,29.49,33423.0
2022-11-22,29.65,28.4,29.87,28.23,76787.0
2022-11-23,28.42,28.22,29.0,28.07,44842.0
2022-11-24,28.09,28.17,28.82,27.95,22830.0
2022-11-25,28.17,27.94,28.34,27.6,21444.0
2022-11-28,27.77,28.24,28.53,27.21,34861.0
2022-11-29,27.73,27.77,28.79,27.68,46612.0
2022-11-30,27.68,27.37,27.9,27.12,47331.0
2022-12-01,27.75,28.17,28.86,27.65,52215.0
2022-12-02,28.18,29.66,29.98,28.18,65251.0
2022-12-05,29.65,29.03,30.27,28.88,55994.0
2022-12-06,29.02,29.27,30.2,28.8,61570.0
2022-12-07,29.27,28.76,29.29,28.7,34274.0
2022-12-08,28.8,28.19,28.91,28.08,29562.0
2022-12-09,28.42,29.13,29.33,27.89,55009.0
2022-12-12,29.14,30.22,30.56,28.95,66919.0
2022-12-13,30.22,30.01,30.54,29.87,24259.0
2022-12-14,29.89,29.91,30.5,29.81,25806.0
2022-12-15,30.2,29.97,30.66,29.91,36938.0
2022-12-16,29.7,30.34,30.42,29.5,36316.0
2022-12-19,30.0,29.29,30.43,28.98,40705.0
2022-12-20,29.35,29.3,29.6,28.88,28928.0
2022-12-21,29.27,29.05,29.43,28.71,19949.0
2022-12-22,29.13,29.05,29.75,28.85,38340.0
2022-12-23,29.11,28.66,29.32,28.36,30876.0
2022-12-26,28.6,28.65,29.6,28.37,28036.0
2022-12-27,28.83,28.17,28.9,28.0,23083.0
2022-12-28,28.27,27.67,28.3,27.65,35405.0
2022-12-29,27.6,27.66,28.2,27.43,50022.0
2022-12-30,27.55,27.57,27.99,27.37,31265.0
2023-01-03,27.42,27.7,28.0,27.07,25807.0
2023-01-04,27.69,27.5,28.05,27.3,21296.0
2023-01-05,27.6,28.6,28.8,27.36,51405.0
2023-01-06,28.78,28.53,28.78,28.28,20206.0
2023-01-09,28.74,28.53,29.04,28.33,29882.0
2023-01-10,28.82,28.75,28.82,28.31,12860.0
2023-01-11,28.75,29.4,29.67,28.7,55894.0
2023-01-12,29.28,28.96,29.66,28.78,30722.0
2023-01-13,28.88,28.7,29.34,28.4,35556.0
2023-01-16,28.7,31.12,31.3,28.64,93111.0
2023-01-17,31.12,31.44,31.55,30.54,72850.0
2023-01-18,31.23,30.98,31.58,30.41,56894.0
2023-01-19,31.19,33.5,33.76,30.75,109801.0
2023-01-20,33.5,33.03,33.8,32.74,58301.0
2023-01-30,33.56,33.4,33.8,32.55,69873.0
2023-01-31,33.38,32.6,34.34,32.5,64652.0
2023-02-01,32.6,33.0,33.21,32.4,47175.0
2023-02-02,33.0,33.05,33.65,32.6,38725.0
2023-02-03,33.04,32.77,33.38,32.42,56330.0
2023-02-06,32.62,32.23,32.62,31.93,37604.0
2023-02-07,32.08,32.19,32.57,31.88,22893.0
2023-02-08,32.13,31.74,32.3,31.6,36027.0
2023-02-09,31.85,32.81,32.96,31.19,48419.0
2023-02-10,32.97,32.99,33.52,32.55,36069.0
2023-02-13,32.91,33.23,33.96,32.66,38979.0
2023-02-14,33.3,33.24,34.1,33.16,37525.0
2023-02-15,33.3,33.68,33.85,33.24,29670.0
2023-02-16,33.66,33.81,34.8,33.5,64524.0
2023-02-17,33.51,31.86,33.89,31.67,93589.0
2023-02-20,31.99,32.79,32.96,31.61,39995.0
2023-02-21,32.8,32.12,33.1,31.8,34782.0
2023-02-22,32.0,31.8,32.13,31.7,18572.0
2023-02-23,31.8,31.48,32.05,30.98,43153.0
2023-02-24,31.48,30.52,31.5,30.45,36158.0
2023-02-27,30.53,30.34,30.72,30.18,32951.0
2023-02-28,30.61,30.66,31.21,30.4,38494.0
2023-03-01,30.63,31.73,31.8,30.48,46070.0
2023-03-02,31.68,31.74,31.99,31.3,42523.0
2023-03-03,31.97,31.58,32.2,31.45,37736.0
2023-03-06,31.5,31.4,31.58,30.85,46317.0
2023-03-07,31.54,31.22,32.0,31.12,39791.0
2023-03-08,30.9,31.32,31.48,30.81,27602.0
2023-03-09,31.44,31.0,31.49,30.75,21993.0
2023-03-10,30.79,30.38,30.96,29.8,41779.0
2023-03-13,30.17,30.63,30.98,29.95,29966.0
2023-03-14,30.63,30.13,30.63,29.91,31544.0
2023-03-15,30.13,29.37,30.87,29.36,45130.0
2023-03-16,29.34,29.39,29.93,29.23,34619.0
2023-03-17,29.69,29.44,30.16,29.4,38881.0
2023-03-20,29.68,29.92,30.45,29.5,38874.0
2023-03-21,29.82,29.76,30.4,29.58,51297.0
2023-03-22,29.95,28.82,29.95,28.58,60918.0
2023-03-23,28.77,28.42,29.0,28.33,36325.0
2023-03-24,28.51,28.69,29.06,28.26,34669.0
2023-03-27,28.72,28.14,28.79,28.0,45712.0
2023-03-28,28.41,28.0,28.48,27.9,22617.0
2023-03-29,27.9,27.96,28.24,27.9,21801.0
2023-03-30,27.96,28.22,28.34,27.8,26627.0
2023-03-31,28.17,28.34,28.79,28.17,27063.0
2023-04-03,28.63,29.88,30.45,28.61,91315.0
2023-04-04,29.89,30.42,30.63,29.64,56470.0
2023-04-06,30.48,29.5,30.5,29.41,47939.0
2023-04-07,29.68,29.72,30.28,29.41,29571.0
2023-04-10,29.88,29.49,29.98,29.28,31327.0
2023-04-11,29.35,29.14,30.04,29.08,42480.0
2023-04-12,29.16,29.53,30.27,28.83,58276.0
2023-04-13,29.46,30.18,30.46,29.4,48482.0
2023-04-14,30.16,30.15,30.59,29.88,36196.0
2023-04-17,30.1,29.72,30.24,29.37,35490.0
2023-04-18,29.51,28.25,29.51,27.72,89214.0
2023-04-19,28.19,27.29,28.23,26.06,121649.0
2023-04-20,27.35,28.03,28.13,27.01,90659.0
2023-04-21,28.26,27.06,28.43,27.06,54852.0
2023-04-24,27.22,26.89,27.34,26.78,24869.0
2023-04-25,27.12,27.98,28.8,26.9,83741.0
2023-04-26,27.98,28.01,28.66,27.82,48233.0
2023-04-27,28.02,29.6,29.8,27.95,76232.0
2023-04-28,29.0,29.45,29.95,28.82,39581.0
2023-05-04,29.3,29.9,30.8,29.23,58895.0
2023-05-05,30.03,29.39,30.17,28.95,40826.0
2023-05-08,29.4,28.87,29.7,28.26,36814.0
2023-05-09,29.02,28.48,29.02,28.03,25482.0
2023-05-10,28.38,28.8,29.15,28.38,26858.0
2023-05-11,28.85,28.6,29.46,28.38,21882.0
2023-05-12,28.31,28.15,28.98,27.89,47719.0
2023-05-15,28.03,28.26,28.3,27.68,23675.0
2023-05-16,28.28,28.39,28.9,27.85,18100.0
2023-05-17,28.61,28.0,28.77,27.82,32222.0
2023-05-18,27.96,27.27,28.18,26.87,52920.0
2023-05-19,27.4,27.65,28.08,27.01,30684.0
2023-05-22,27.93,27.95,28.05,27.32,39869.0
2023-05-23,27.85,27.7,28.16,27.69,23255.0
2023-05-24,27.75,27.69,28.08,27.37,23596.0
2023-05-25,27.69,27.52,27.8,26.9,28543.0
2023-05-26,27.5,27.08,27.5,26.7,27960.0
2023-05-29,27.0,27.0,27.55,26.89,22395.0
2023-05-30,26.7,27.14,27.21,26.64,17992.0
2023-05-31,27.07,27.0,27.18,26.3,23998.0
2023-06-01,26.83,27.15,27.49,26.81,24387.0
2023-06-02,27.24,27.14,27.5,26.97,31624.0
2023-06-05,27.1,27.1,27.46,26.86,18528.0
2023-06-06,27.06,27.0,27.15,26.79,22791.0
2023-06-07,26.87,26.79,27.13,26.66,19219.0
2023-06-08,26.69,27.07,27.46,26.3,47321.0
2023-06-09,27.07,26.11,27.29,25.84,77462.0
2023-06-12,26.02,26.78,27.0,25.74,35249.0
2023-06-13,26.92,26.92,27.06,26.38,26546.0
2023-06-14,26.98,26.87,27.18,26.7,31726.0
2023-06-15,26.98,27.0,27.2,26.62,45292.0
2023-06-16,27.01,27.08,27.38,26.9,33469.0
2023-06-19,27.09,27.29,27.95,27.01,53649.0
2023-06-20,27.44,27.76,28.0,27.21,46593.0
2023-06-21,27.69,27.05,27.92,26.98,48657.0
2023-06-26,27.17,26.9,27.55,26.4,42081.0
2023-06-27,26.93,27.4,27.58,26.88,50189.0
2023-06-28,27.51,26.97,27.72,26.85,36987.0
2023-06-29,26.97,26.91,27.26,26.63,29956.0
2023-06-30,26.86,27.4,27.56,26.62,39871.0
2023-07-03,27.27,27.4,27.68,27.08,47782.0
2023-07-04,27.38,27.47,27.87,27.18,58489.0
2023-07-05,27.49,26.82,27.58,26.24,86949.0
2023-07-06,26.75,26.66,26.85,26.42,29021.0
2023-07-07,26.66,26.3,26.72,25.52,55090.0
2023-07-10,26.29,26.73,27.11,26.06,44198.0
2023-07-11,26.65,27.29,27.39,26.53,40988.0
2023-07-12,27.43,28.02,28.33,27.18,78889.0
2023-07-13,28.11,28.14,28.38,27.86,33571.0
2023-07-14,28.15,27.99,28.33,27.82,26536.0
2023-07-17,28.4,28.36,28.42,27.72,33978.0
2023-07-18,28.48,29.41,29.55,28.32,85858.0
2023-07-19,29.4,29.08,29.41,28.92,28938.0
2023-07-20,29.0,29.17,29.65,29.0,34456.0
2023-07-21,29.0,29.84,30.08,28.98,52375.0
2023-07-24,29.71,29.61,30.13,29.5,24972.0
2023-07-25,30.0,29.74,30.13,29.57,33712.0
2023-07-26,29.61,30.14,30.25,29.55,24750.0
2023-07-27,30.0,29.8,30.32,29.76,23692.0
2023-07-28,29.7,29.75,30.08,29.5,41328.0
2023-07-31,29.81,29.74,30.16,29.5,32110.0
2023-08-01,29.89,30.04,30.37,29.75,26859.0
2023-08-02,30.28,30.0,30.29,29.75,20478.0
2023-08-03,29.99,30.17,30.26,29.5,28309.0
2023-08-04,30.31,29.66,30.49,29.6,37259.0
2023-08-07,29.66,29.8,29.95,29.21,43497.0
2023-08-08,29.74,29.03,29.75,28.88,56860.0
2023-08-09,29.31,29.87,31.2,29.31,143278.0
2023-08-10,29.88,31.0,31.1,29.68,110395.0
2023-08-11,31.23,30.17,31.69,30.13,63101.0
2023-08-14,29.99,30.0,30.51,29.4,70581.0
2023-08-15,30.21,29.8,30.37,29.36,55713.0
2023-08-16,29.79,29.52,30.09,29.28,55086.0
2023-08-17,29.38,29.76,29.83,29.16,31531.0
2023-08-18,29.73,29.46,29.99,29.2,24592.0
2023-08-21,29.3,29.18,29.58,29.0,25604.0
2023-08-22,29.4,28.78,29.49,28.28,43353.0
2023-08-23,28.53,28.45,28.88,28.33,31345.0
2023-08-24,28.51,28.38,28.68,28.16,23225.0
2023-08-25,28.25,28.1,28.72,27.89,41709.0
2023-08-28,29.03,27.93,29.5,27.79,47325.0
2023-08-29,27.65,28.94,29.19,27.5,61276.0
2023-08-30,29.1,29.85,30.1,28.81,43478.0
2023-08-31,29.85,29.85,30.04,29.5,35315.0
2023-09-01,29.83,28.91,30.06,28.91,48768.0
2023-09-04,29.07,29.03,29.28,28.67,53678.0
2023-09-05,29.02,29.22,29.73,28.82,29590.0
2023-09-06,29.16,29.68,29.8,28.93,33180.0
2023-09-07,29.62,29.42,29.86,29.36,22188.0
2023-09-08,29.3,29.73,30.05,29.3,33656.0
2023-09-11,29.73,29.3,29.94,29.23,47226.0
2023-09-12,29.37,28.75,29.49,28.67,45146.0
2023-09-13,28.67,28.55,28.92,28.28,37705.0
2023-09-14,28.65,28.7,28.95,28.36,26981.0
2023-09-15,28.68,28.72,29.12,28.58,23537.0
2023-09-18,28.57,28.62,28.98,28.29,39162.0
2023-09-19,28.5,28.41,28.79,28.18,29594.0
2023-09-20,28.37,28.57,28.75,28.22,30910.0
2023-09-21,28.37,28.16,28.64,28.12,24214.0
2023-09-22,28.28,28.62,28.72,27.88,31629.0
2023-09-25,28.82,28.29,28.82,28.17,22479.0
2023-09-26,28.14,27.95,28.38,27.86,21555.0
2023-09-27,27.93,27.83,28.26,27.56,35006.0
2023-09-28,28.18,27.33,28.19,27.28,41001.0
2023-10-09,27.3,26.85,27.46,26.65,50476.0
2023-10-10,26.95,26.69,27.25,26.52,41500.0
2023-10-11,26.82,25.9,27.04,25.83,72056.0
2023-10-12,25.9,25.95,26.17,25.76,49890.0
2023-10-13,25.93,25.73,26.16,25.51,36520.0
2023-10-16,25.75,25.57,25.96,25.45,67601.0
2023-10-17,25.49,25.86,26.12,25.49,44109.0
2023-10-18,25.75,25.51,25.99,25.47,23265.0
2023-10-19,25.13,25.32,25.51,25.13,45115.0
2023-10-20,25.1,24.85,25.35,24.78,36664.0
2023-10-23,24.69,24.29,25.03,24.07,51233.0
2023-10-24,24.35,24.52,24.76,23.9,57826.0
2023-10-25,24.66,23.64,24.75,23.63,77756.0
2023-10-26,23.66,23.14,23.73,22.91,74053.0
2023-10-27,23.75,23.73,23.86,22.18,118003.0
2023-10-30,23.71,24.42,24.58,22.95,146795.0
2023-10-31,24.38,24.67,24.96,24.03,101126.0
2023-11-01,24.54,24.46,24.62,24.09,54448.0
2023-11-02,24.51,24.25,24.6,24.01,45870.0
2023-11-03,24.22,24.8,25.05,24.08,61161.0
2023-11-06,25.0,25.85,26.3,25.0,95108.0
2023-11-07,25.85,25.9,26.46,25.65,74222.0
2023-11-08,25.82,25.41,26.13,25.3,52452.0
2023-11-09,25.42,25.2,25.49,25.0,44754.0
2023-11-10,25.11,24.94,25.19,24.89,42750.0
2023-11-13,24.94,24.92,25.12,24.7,30465.0
2023-11-14,24.92,25.07,25.29,24.82,34421.0
2023-11-15,25.34,24.93,25.34,24.75,44712.0
2023-11-16,24.77,24.3,24.85,24.3,45518.0
2023-11-17,24.38,24.46,24.57,24.24,25810.0
2023-11-20,24.56,25.55,25.74,24.38,84286.0
2023-11-21,25.59,25.65,26.03,25.45,80731.0
2023-11-22,25.45,25.06,25.84,25.06,58654.0
2023-11-23,25.03,25.48,25.53,24.92,39143.0
2023-11-24,25.4,25.08,25.48,24.98,40407.0
2023-11-27,25.08,25.31,25.51,24.88,53572.0
2023-11-28,25.48,25.57,25.65,25.07,34804.0
2023-11-29,25.4,25.63,25.78,25.38,47736.0
2023-11-30,25.4,25.6,25.65,25.24,45147.0
2023-12-01,25.5,25.23,25.78,25.05,58234.0
2023-12-04,25.27,24.8,25.48,24.71,39711.0
2023-12-05,24.67,24.2,24.79,24.2,27418.0
2023-12-06,24.31,24.17,24.71,23.89,27203.0
2023-12-07,24.14,23.83,24.25,23.58,22286.0
2023-12-08,23.83,23.65,23.99,23.53,31431.0
2023-12-11,23.65,24.01,24.19,23.3,39340.0
2023-12-12,24.1,24.19,24.27,23.91,29330.0
2023-12-13,24.14,23.69,24.17,23.65,34828.0
2023-12-14,23.71,23.52,24.03,23.51,28937.0
2023-12-15,23.69,23.29,23.88,23.24,38744.0
2023-12-18,23.34,23.01,23.46,22.56,44316.0
2023-12-19,23.02,23.06,23.22,22.73,17677.0
2023-12-20,23.09,22.52,23.33,22.4,40863.0
2023-12-21,22.42,22.49,22.74,22.26,45462.0
2023-12-22,22.48,22.73,22.96,22.15,46440.0
2023-12-25,22.62,22.68,23.09,22.57,25987.0
2023-12-26,22.68,22.94,23.28,22.56,40022.0
2023-12-27,22.94,22.84,23.28,22.58,52200.0
2023-12-28,22.81,23.27,23.5,22.63,58489.0
2023-12-29,23.32,23.12,23.38,22.85,62456.0
2024-01-02,23.18,22.69,23.23,22.46,53026.0
2024-01-03,22.65,22.26,22.94,22.26,36043.0
2024-01-04,22.39,21.49,22.39,21.3,52075.0
2024-01-05,21.49,21.18,21.52,21.0,60120.0
2024-01-08,21.02,20.59,21.28,20.59,52929.0
2024-01-09,20.73,20.62,21.05,20.41,69268.0
2024-01-10,20.56,20.24,20.71,20.0,102937.0
2024-01-11,20.23,20.6,20.82,20.04,113379.0
2024-01-12,20.68,20.4,20.95,20.26,58375.0
2024-01-15,20.55,20.29,20.62,20.09,49596.0
2024-01-16,20.1,20.0,20.25,19.65,70440.0
2024-01-17,20.08,19.38,20.18,19.35,68052.0
2024-01-18,19.38,19.61,19.8,18.96,75777.0
2024-01-19,19.56,19.35,19.68,19.3,50530.0
2024-01-22,19.42,18.3,19.42,18.18,58532.0
2024-01-23,18.39,18.72,18.82,18.2,92211.0
2024-01-24,18.77,18.55,18.95,17.99,65929.0
2024-01-25,18.61,19.69,19.85,18.42,103066.0
2024-01-26,19.63,19.47,20.15,19.41,83659.0
2024-01-29,19.46,19.12,19.83,19.12,59999.0
2024-01-30,18.81,18.05,19.0,18.02,80686.0
2024-01-31,17.89,17.72,18.4,17.62,92187.0
2024-02-01,17.64,17.61,17.98,17.25,69396.0
2024-02-02,17.62,16.79,17.72,16.28,107212.0
2024-02-05,16.69,16.43,17.08,15.9,241990.0
2024-02-06,16.42,18.85,19.1,16.25,239180.0
2024-02-07,18.9,20.24,20.81,18.9,267026.0
2024-02-08,20.17,20.1,22.43,19.91,228642.0
2024-02-19,20.5,19.48,20.59,19.27,201148.0
2024-02-20,19.33,19.26,19.4,19.08,72365.0
2024-02-21,19.11,19.27,19.98,18.81,108813.0
2024-02-22,19.2,19.3,19.36,19.09,75999.0
2024-02-23,19.27,19.09,19.27,18.78,121955.0
2024-02-26,18.99,19.34,19.75,18.71,121759.0
2024-02-27,19.12,19.89,19.9,19.01,101155.0
2024-02-28,19.69,19.38,20.58,19.38,173172.0
2024-02-29,19.58,20.37,20.42,19.37,120674.0
2024-03-01,20.37,20.16,20.47,19.94,81815.0
2024-03-04,19.98,19.87,20.14,19.72,71906.0
2024-03-05,19.76,19.87,20.1,19.64,87001.0
2024-03-06,19.79,19.57,19.98,19.3,89312.0
2024-03-07,19.6,18.92,19.62,18.9,85277.0
2024-03-08,18.89,18.79,19.12,18.4,110466.0
2024-03-11,18.8,19.49,19.55,18.63,120066.0
2024-03-12,19.48,19.5,19.64,19.07,130350.0
2024-03-13,19.5,19.0,19.5,18.93,102817.0
2024-03-14,18.99,18.44,19.11,18.28,120767.0
2024-03-15,18.36,18.53,18.53,18.1,96670.0
2024-03-18,18.65,18.73,18.73,18.25,124103.0
2024-03-19,18.79,18.46,18.79,18.41,111970.0
2024-03-20,18.58,18.62,18.75,18.35,83555.0
2024-03-21,18.6,18.24,18.71,18.12,88644.0
2024-03-22,18.19,17.69,18.28,17.65,102594.0
2024-03-25,17.69,17.36,18.03,17.3,111366.0
2024-03-26,17.34,17.34,17.59,17.1,93795.0
2024-03-27,17.34,16.84,17.36,16.84,78398.0
2024-03-28,16.9,17.04,17.35,16.67,108486.0
2024-03-29,16.94,17.18,17.19,16.81,50630.0
2024-04-01,17.18,17.81,17.86,17.18,134671.0
2024-04-02,17.89,18.2,18.38,17.89,122759.0
2024-04-03,18.8,18.24,19.04,18.1,176431.0
2024-04-08,18.24,17.52,18.39,17.33,164177.0
2024-04-09,17.44,18.47,18.77,17.4,173840.0
2024-04-10,18.5,17.84,18.5,17.67,124306.0
2024-04-11,17.6,18.02,18.4,17.5,160316.0
2024-04-12,17.95,17.54,18.05,17.52,90965.0
2024-04-15,17.21,17.46,17.8,17.18,96797.0
2024-04-16,17.37,17.06,17.57,17.01,102167.0
2024-04-17,17.26,17.53,17.62,17.26,91702.0
2024-04-18,17.36,17.34,17.65,16.99,97303.0
2024-04-19,17.43,18.95,19.04,17.4,284185.0
2024-04-22,18.75,18.47,19.24,18.39,224139.0
2024-04-23,18.34,19.03,19.2,18.2,200583.0
2024-04-24,18.85,18.79,18.94,18.48,130735.0
2024-04-25,18.65,18.31,18.78,18.05,170795.0
2024-04-26,18.15,18.96,19.07,18.0,262341.0
2024-04-29,18.98,19.44,19.56,18.83,276041.0
2024-04-30,19.3,19.4,19.63,19.11,184617.0
2024-05-06,19.64,19.78,20.12,19.49,217407.0
2024-05-07,19.7,19.52,19.85,19.47,138777.0
2024-05-08,19.52,19.86,20.12,19.32,253862.0
2024-05-09,19.89,21.0,21.14,19.72,272075.0
2024-05-10,20.8,20.77,21.05,20.44,167221.0
2024-05-13,20.56,20.56,20.94,20.3,118984.0
2024-05-14,20.8,21.21,21.27,20.63,160193.0
2024-05-15,20.99,20.45,21.0,20.1,175282.0
2024-05-16,20.37,19.81,20.44,19.75,165560.0
2024-05-17,19.8,20.4,20.44,19.75,141548.0
2024-05-20,20.4,20.09,20.48,20.03,81740.0
2024-05-21,20.09,20.01,20.34,19.91,88457.0
2024-05-22,20.0,19.81,20.13,19.76,82319.0
2024-05-23,19.81,19.3,19.82,19.27,101461.0
2024-05-24,19.31,19.36,19.59,19.31,64598.0
2024-05-27,19.36,19.54,19.54,18.93,70791.0
2024-05-28,19.3,18.96,19.51,18.93,58043.0
2024-05-29,18.9,18.93,19.31,18.8,58247.0
2024-05-30,18.85,18.97,19.14,18.83,36444.0
2024-05-31,18.98,19.1,19.5,18.97,64682.0
2024-06-03,19.05,18.67,19.18,18.43,90397.0
2024-06-04,18.61,19.17,19.27,18.42,86286.0
2024-06-05,19.1,19.0,19.45,18.98,48039.0
2024-06-06,19.11,18.56,19.25,18.48,87721.0
2024-06-07,18.71,18.26,18.89,18.23,74324.0
2024-06-11,18.33,18.63,18.72,18.16,67381.0
2024-06-12,18.58,18.29,18.74,18.25,58983.0
2024-06-13,18.31,18.11,18.36,17.98,98600.0
2024-06-14,18.06,18.38,18.52,17.88,119018.0
2024-06-17,18.37,18.58,18.78,18.33,61912.0
2024-06-18,18.69,18.59,19.02,18.51,52931.0
2024-06-19,18.6,18.5,18.78,18.29,67147.0
2024-06-20,18.36,18.62,18.79,18.31,93376.0
2024-06-21,18.56,18.84,18.95,18.3,100841.0
2024-06-24,18.74,18.24,18.86,18.08,83341.0
2024-06-25,18.26,17.97,18.45,17.89,81080.0
2024-06-26,17.87,18.21,18.24,17.75,82556.0
2024-06-27,18.19,17.97,18.3,17.93,65812.0
2024-06-28,17.88,17.85,18.51,17.82,91424.0
2024-07-01,17.95,17.47,18.1,17.38,76030.0
2024-07-02,17.41,17.48,17.7,17.24,70955.0
2024-07-03,17.37,17.19,17.47,16.98,109078.0
2024-07-04,17.44,17.41,17.78,17.32,136124.0
2024-07-05,17.3,17.36,17.48,17.18,88126.0
2024-07-08,17.31,16.61,17.35,16.47,95632.0
2024-07-09,16.59,16.48,16.68,16.22,97076.0
2024-07-10,16.45,16.73,16.86,16.34,78123.0
2024-07-11,16.98,17.78,17.8,16.83,108884.0
2024-07-12,17.75,17.77,17.89,17.5,59852.0
2024-07-15,17.65,17.48,17.71,17.4,54605.0
2024-07-16,17.37,17.58,17.65,17.12,56681.0
2024-07-17,17.65,18.13,18.37,17.6,106874.0
2024-07-18,17.85,18.59,18.65,17.79,107414.0
2024-07-19,18.59,19.23,19.31,18.39,130541.0
2024-07-22,19.17,18.96,19.4,18.91,101942.0
2024-07-23,18.95,18.63,19.08,18.59,74970.0
2024-07-24,18.65,18.38,18.77,18.29,53156.0
2024-07-25,18.37,18.37,18.68,18.23,47231.0
2024-07-26,18.3,18.5,18.71,18.26,72200.0
2024-07-29,18.55,18.33,18.67,18.28,38454.0
2024-07-30,18.24,18.32,18.49,18.0,45836.0
2024-07-31,18.5,18.92,19.05,18.25,86815.0
2024-08-01,18.91,18.73,19.35,18.66,115883.0
2024-08-02,18.73,18.04,18.86,17.94,89268.0
2024-08-05,17.83,17.57,18.19,17.47,80256.0
2024-08-06,17.82,17.63,17.97,17.33,60933.0
2024-08-07,17.6,17.66,17.86,17.4,35800.0
2024-08-08,17.69,17.71,17.9,17.34,40170.0
2024-08-09,17.79,17.22,18.07,17.21,64120.0
2024-08-12,17.18,16.92,17.25,16.86,61058.0
2024-08-13,16.9,16.97,17.06,16.72,40798.0
2024-08-14,16.94,16.75,17.02,16.68,49967.0
2024-08-15,16.72,16.9,17.23,16.63,65230.0
2024-08-16,16.88,16.61,16.93,16.55,56703.0
2024-08-19,16.57,16.44,16.72,16.37,49473.0
2024-08-20,16.44,15.95,16.5,15.88,70144.0
2024-08-21,15.98,15.58,16.02,15.55,76211.0
2024-08-22,15.64,15.45,15.68,15.38,44061.0
2024-08-23,15.42,15.45,15.6,15.29,42594.0
2024-08-26,15.51,15.49,15.67,15.35,48469.0
2024-08-27,15.39,15.19,15.46,15.16,41236.0
2024-08-28,15.19,15.21,15.43,15.13,41553.0
2024-08-29,15.15,15.37,15.54,15.13,74901.0
2024-08-30,15.37,15.6,16.01,15.25,110488.0
2024-09-02,15.55,15.02,15.56,14.99,100635.0
2024-09-03,14.97,15.2,15.36,14.91,57795.0
2024-09-04,15.12,15.38,15.56,15.04,59454.0
2024-09-05,15.38,15.49,15.63,15.23,64659.0
2024-09-06,15.47,15.09,15.48,15.07,49734.0
2024-09-09,15.0,14.68,15.13,14.53,86664.0
2024-09-10,14.74,14.74,14.83,14.52,74511.0
2024-09-11,14.64,14.86,14.88,14.58,61611.0
2024-09-12,14.8,14.54,15.03,14.51,70126.0
2024-09-13,14.61,14.38,14.65,14.34,61072.0
2024-09-18,14.46,14.32,14.47,14.07,46945.0
2024-09-19,14.54,14.73,15.07,14.42,80395.0
2024-09-20,14.75,14.5,14.75,14.4,48742.0
2024-09-23,14.47,14.38,14.69,14.35,43054.0
2024-09-24,14.58,15.32,15.33,14.43,124234.0
2024-09-25,15.49,15.44,15.98,15.34,125090.0
2024-09-26,15.4,16.34,16.37,15.33,128858.0
2024-09-27,16.67,17.66,17.82,16.54,187718.0
2024-09-30,18.43,20.1,20.3,18.42,320001.0
2024-10-08,23.92,23.07,24.0,20.59,500192.0
2024-10-09,21.81,20.38,22.2,20.18,298858.0
2024-10-10,20.5,19.63,21.24,19.58,283786.0
2024-10-11,19.58,18.39,19.73,18.1,189909.0
2024-10-14,18.59,18.54,18.75,17.79,201128.0
2024-10-15,18.5,18.29,18.94,18.13,155295.0
2024-10-16,18.0,18.24,18.8,17.9,126131.0
2024-10-17,18.3,18.02,18.55,18.0,106574.0
2024-10-18,18.03,18.99,19.59,17.82,233709.0
2024-10-21,19.0,19.08,19.62,18.71,211283.0
2024-10-22,19.08,19.33,19.37,18.89,130763.0
2024-10-23,19.28,19.1,19.39,19.02,148037.0
2024-10-24,18.98,18.9,19.07,18.72,93876.0
2024-10-25,18.87,19.27,19.32,18.85,183517.0
2024-10-28,19.27,19.32,19.58,18.98,153285.0
2024-10-29,19.57,19.22,19.74,19.0,195219.0
2024-10-30,19.02,18.85,19.32,18.67,137680.0
2024-10-31,18.83,19.05,19.2,18.63,118926.0
2024-11-01,18.93,18.56,19.1,18.53,118905.0
2024-11-04,18.62,19.16,19.16,18.58,98206.0
2024-11-05,19.05,19.75,19.84,18.95,182474.0
2024-11-06,19.96,19.75,20.34,19.57,197647.0
2024-11-07,19.65,20.77,20.88,19.4,222550.0
2024-11-08,21.8,20.99,22.0,20.91,282516.0
2024-11-11,21.18,21.51,21.68,20.73,212995.0
2024-11-12,21.6,21.06,22.04,20.88,212266.0
2024-11-13,20.73,20.73,21.16,20.34,149952.0
2024-11-14,20.73,20.24,20.86,20.13,161290.0
2024-11-15,20.18,19.75,20.33,19.73,113765.0
2024-11-18,19.89,19.11,19.99,18.96,121874.0
2024-11-19,19.29,19.59,19.63,19.0,98880.0
2024-11-20,19.5,19.52,19.65,19.09,166520.0
2024-11-21,19.38,19.5,19.82,19.22,146660.0
2024-11-22,19.37,18.43,19.45,18.43,150109.0
2024-11-25,18.43,18.62,18.67,18.26,105854.0
2024-11-26,18.54,18.49,18.7,18.3,91022.0
2024-11-27,18.38,18.56,18.6,17.95,129382.0
2024-11-28,18.68,18.17,18.72,18.11,93545.0
2024-11-29,18.21,18.5,18.72,18.03,130617.0
2024-12-02,18.63,18.6,18.73,18.33,151964.0
2024-12-03,18.61,18.37,18.67,18.22,147766.0
2024-12-04,18.33,18.05,18.33,17.94,130141.0
2024-12-05,17.95,18.38,18.38,17.88,113372.0
2024-12-06,18.36,18.52,18.6,18.08,138811.0
2024-12-09,18.49,18.29,18.6,18.12,109994.0
2024-12-10,18.9,18.63,19.08,18.54,260817.0
2024-12-11,18.63,18.63,18.77,18.47,138675.0
2024-12-12,18.65,18.72,18.74,18.28,165199.0
2024-12-13,18.66,18.14,18.68,18.12,162423.0
2024-12-16,18.12,17.98,18.14,17.8,95924.0
2024-12-17,17.92,17.9,18.13,17.85,87297.0
2024-12-18,17.92,17.89,18.02,17.64,84786.0
2024-12-19,17.7,17.89,17.97,17.51,87114.0
2024-12-20,17.87,18.03,18.12,17.79,65076.0
2024-12-23,17.93,17.73,18.11,17.7,74929.0
2024-12-24,17.81,18.06,18.09,17.76,69581.0
2024-12-25,18.06,17.61,18.08,17.46,95946.0
2024-12-26,17.61,17.86,17.93,17.53,67306.0
2024-12-27,17.83,17.82,18.1,17.79,93877.0
2024-12-30,17.76,17.84,17.9,17.65,74002.0
2024-12-31,17.75,17.04,17.87,17.04,134704.0
2025-01-02,17.0,16.42,17.15,16.23,128867.0
2025-01-03,16.52,16.32,16.83,16.29,110424.0
2025-01-06,16.31,16.33,16.52,16.18,72419.0
2025-01-07,16.34,16.25,16.41,16.05,85082.0
2025-01-08,16.25,16.2,16.4,15.73,136703.0
2025-01-09,16.12,16.4,16.7,16.01,106204.0
2025-01-10,16.37,16.06,16.62,16.06,92106.0
2025-01-13,15.9,16.28,16.38,15.86,102934.0
2025-01-14,16.24,16.82,16.85,16.14,128962.0
2025-01-15,16.84,16.52,16.89,16.46,75002.0
2025-01-16,16.58,16.81,16.88,16.51,94206.0
2025-01-17,16.66,17.14,17.24,16.65,117238.0
2025-01-20,17.16,17.12,17.31,16.97,86720.0
2025-01-21,17.17,17.23,17.28,16.89,91738.0
2025-01-22,17.11,17.09,17.19,17.02,55233.0
2025-01-23,17.22,16.93,17.38,16.93,90030.0
2025-01-24,16.87,17.08,17.18,16.86,77374.0
2025-01-27,17.1,17.0,17.32,16.97,74699.0
2025-02-05,17.13,17.26,17.4,17.01,87996.0
2025-02-06,17.2,17.33,17.36,17.11,136635.0
2025-02-07,17.33,17.58,17.81,17.18,216308.0
2025-02-10,17.54,17.53,17.74,17.32,136136.0
2025-02-11,17.53,17.22,17.55,17.15,101973.0
2025-02-12,17.16,17.23,17.29,16.98,138258.0
2025-02-13,17.35,17.35,17.58,17.22,195585.0
2025-02-14,17.34,17.34,17.62,17.2,174756.0
2025-02-17,17.4,17.48,17.64,17.21,154997.0
2025-02-18,17.45,17.13,17.59,17.04,145530.0
2025-02-19,17.05,17.3,17.44,16.95,130532.0
2025-02-20,17.24,19.05,19.61,17.18,621937.0
2025-02-21,18.91,19.3,19.39,18.81,383913.0
2025-02-24,19.34,19.38,19.78,18.9,322040.0
2025-02-25,19.18,19.15,19.38,19.03,194566.0
2025-02-26,19.24,19.48,19.68,19.05,269560.0
2025-02-27,19.55,19.39,19.82,19.12,304725.0
2025-02-28,19.3,18.43,19.36,18.36,278870.0
2025-03-03,18.62,19.37,20.16,18.62,414062.0
2025-03-04,19.2,19.38,19.52,19.14,183100.0
2025-03-05,19.36,19.29,19.54,19.1,150682.0
2025-03-06,19.47,20.02,20.55,19.34,366156.0
2025-03-07,19.89,19.93,20.29,19.7,236534.0
2025-03-10,20.13,19.75,20.16,19.6,174640.0
2025-03-11,19.38,19.68,19.95,19.3,156248.0
2025-03-12,19.8,19.51,19.98,19.46,183200.0
2025-03-13,19.51,19.31,19.55,19.15,136332.0
2025-03-14,19.3,19.53,19.58,19.15,157281.0
2025-03-17,19.5,19.34,19.55,19.26,110713.0
2025-03-18,19.37,19.4,19.75,19.36,125903.0
2025-03-19,19.3,19.02,19.46,18.91,153463.0
2025-03-20,19.02,18.79,19.07,18.74,124934.0
2025-03-21,18.78,18.48,19.02,18.43,127338.0
2025-03-24,18.62,18.7,18.74,18.26,114249.0
2025-03-25,18.66,19.15,19.42,18.53,175670.0
2025-03-26,19.01,18.84,19.16,18.8,103425.0
2025-03-27,18.77,19.32,19.44,18.72,152407.0
2025-03-28,19.27,18.86,19.39,18.83,107135.0
2025-03-31,18.66,18.62,18.82,18.39,93414.0
2025-04-01,18.62,18.67,18.97,18.61,90651.0
2025-04-02,18.65,18.55,18.84,18.53,69181.0
2025-04-03,18.39,17.81,18.5,17.71,186094.0
2025-04-07,16.7,16.19,17.08,15.71,267752.0
2025-04-08,16.56,16.38,16.92,16.2,152549.0
2025-04-09,16.1,16.61,16.83,15.69,169521.0
2025-04-10,17.01,16.68,17.27,16.64,142452.0
2025-04-11,16.56,16.83,17.04,16.54,105627.0
2025-04-14,17.11,17.14,17.3,16.93,99687.0
2025-04-15,17.1,17.03,17.17,16.92,60624.0
2025-04-16,16.92,16.75,16.99,16.55,87331.0
2025-04-17,16.64,16.73,16.89,16.6,52740.0
2025-04-18,16.76,17.04,17.12,16.71,76886.0
2025-04-21,17.3,17.3,17.52,17.06,92082.0
2025-04-22,17.2,16.8,17.33,16.74,148635.0
2025-04-23,16.98,16.71,17.1,16.57,159727.0
2025-04-24,16.7,16.7,16.83,16.57,79416.0
2025-04-25,16.71,16.64,16.79,16.59,75461.0
2025-04-28,16.77,16.6,17.08,16.56,127365.0
2025-04-29,16.54,16.86,16.94,16.52,91594.0
2025-04-30,16.85,16.8,16.97,16.8,84104.0
2025-05-06,16.9,17.27,17.3,16.9,120887.0
2025-05-07,17.48,17.26,17.52,17.15,125999.0
2025-05-08,17.18,17.32,17.42,17.17,96973.0
2025-05-09,17.34,17.03,17.35,17.01,104874.0
2025-05-12,17.29,17.38,17.63,17.22,147467.0
2025-05-13,17.6,17.26,17.6,17.21,92630.0
2025-05-14,17.26,17.29,17.4,17.13,114914.0
2025-05-15,17.21,17.02,17.31,16.99,114660.0
2025-05-16,16.96,16.89,17.08,16.88,78919.0
2025-05-19,16.9,16.72,16.98,16.65,102840.0
2025-05-20,16.74,16.68,16.85,16.62,154110.0
2025-05-21,16.68,16.72,16.93,16.61,158836.0
2025-05-22,16.65,16.45,16.85,16.43,134515.0
2025-05-23,16.44,16.38,16.67,16.36,133479.0
2025-05-26,16.37,16.38,16.46,16.24,74904.0
2025-05-27,16.35,16.61,16.68,16.28,106453.0
2025-05-28,16.62,16.32,16.62,16.28,96555.0
2025-05-29,16.29,16.55,16.56,16.27,92103.0
2025-05-30,16.47,16.4,16.53,16.35,84477.0
2025-06-03,16.24,16.33,16.46,16.14,112938.0
2025-06-04,16.34,16.58,16.68,16.31,136205.0
2025-06-05,16.55,16.55,16.67,16.44,124880.0
2025-06-06,16.56,16.43,16.61,16.41,82697.0
2025-06-09,16.5,16.62,16.96,16.45,209664.0
2025-06-10,16.65,16.43,16.82,16.31,153023.0
2025-06-11,16.46,16.67,16.86,16.42,161518.0
2025-06-12,16.67,16.68,16.77,16.56,94977.0
2025-06-13,16.61,16.37,16.71,16.35,135484.0
2025-06-16,16.29,16.39,16.43,16.27,85937.0
2025-06-17,16.4,16.44,16.51,16.34,66019.0
2025-06-18,16.38,16.2,16.42,16.17,116036.0
2025-06-19,16.15,16.09,16.43,16.03,125651.0
2025-06-20,16.06,16.11,16.31,16.05,79759.0
2025-06-23,16.06,16.25,16.3,16.03,82192.0
2025-06-24,16.35,17.41,17.45,16.33,469394.0
2025-06-25,17.45,17.28,17.48,17.18,271304.0
2025-06-26,17.28,17.17,17.47,17.16,190566.0
2025-06-27,17.22,17.29,17.82,17.21,237837.0
2025-06-30,17.32,17.35,17.5,17.22,149041.0
2025-07-01,17.28,17.22,17.35,17.05,119382.0
2025-07-02,17.22,17.09,17.23,16.96,124721.0
2025-07-03,17.08,17.15,17.21,17.01,95109.0
2025-07-04,17.15,16.97,17.18,16.93,120500.0
2025-07-07,16.97,17.0,17.08,16.9,72377.0
2025-07-08,17.02,18.2,18.68,17.0,605531.0
2025-07-09,18.12,18.0,18.27,17.88,233645.0
2025-07-10,17.95,18.5,18.65,17.88,296858.0
2025-07-11,18.5,18.25,18.56,18.19,264147.0
2025-07-14,18.23,18.02,18.26,17.9,174137.0
2025-07-15,18.02,17.93,18.3,17.81,182101.0
2025-07-16,17.96,17.9,18.04,17.75,158676.0
2025-07-17,17.9,17.98,18.03,17.83,159797.0
2025-07-18,18.08,18.19,18.43,18.07,240779.0
2025-07-21,18.2,18.2,18.35,18.04,167909.0
2025-07-22,18.3,18.79,18.87,18.18,358218.0
2025-07-23,18.78,18.24,18.85,18.23,233338.0
2025-07-24,18.25,18.51,18.58,18.2,197818.0
2025-07-25,18.5,18.25,18.51,18.2,157383.0
2025-07-28,18.25,18.9,19.26,18.1,439782.0
2025-07-29,18.8,19.03,19.28,18.56,329539.0
2025-07-30,19.0,18.93,19.3,18.58,248996.0
2025-07-31,18.8,18.4,19.03,18.3,252885.0
2025-08-01,18.44,18.39,18.79,18.27,160754.0
2025-08-04,18.2,18.43,18.44,18.07,143674.0
2025-08-05,18.48,18.61,18.77,18.35,184246.0
2025-08-06,18.55,18.74,18.97,18.4,200363.0
2025-08-07,18.76,18.92,19.02,18.42,254606.0
2025-08-08,18.81,19.19,19.46,18.59,304212.0
2025-08-11,19.35,19.5,19.68,19.16,290819.0
2025-08-12,19.42,19.33,19.76,19.24,226744.0
2025-08-13,19.34,19.99,20.29,19.33,489091.0
2025-08-14,19.99,20.29,21.31,19.8,577722.0
2025-08-15,20.3,20.44,20.78,20.18,406116.0
2025-08-18,21.09,21.57,22.1,20.5,560789.0
2025-08-19,21.26,21.07,21.63,20.61,564401.0
2025-08-20,21.0,20.98,21.23,20.63,332788.0
2025-08-21,21.1,20.39,21.48,20.28,436365.0
2025-08-22,20.31,20.57,20.7,20.25,282628.0
2025-08-25,20.65,22.27,22.37,20.46,692797.0
2025-08-26,22.14,21.74,22.32,21.7,371001.0
2025-08-27,21.78,21.2,22.27,21.18,396382.0
2025-08-28,21.2,21.96,22.25,21.13,477910.0
2025-08-29,22.16,22.9,23.64,21.7,657146.0
2025-09-01,22.89,22.85,23.37,22.66,415223.0
2025-09-02,22.63,22.23,23.0,21.89,340463.0
2025-09-03,22.39,22.59,23.28,22.07,380487.0
2025-09-04,22.59,21.4,23.04,20.92,469370.0
2025-09-05,21.0,22.55,22.75,20.95,484189.0
2025-09-08,22.69,24.05,24.14,22.65,578634.0
2025-09-09,23.6,23.93,24.78,23.6,357452.0
2025-09-10,23.73,23.71,24.17,23.35,284840.0
2025-09-11,23.51,24.51,24.72,23.22,367992.0
2025-09-12,24.14,23.61,24.24,23.28,350494.0
2025-09-15,23.6,23.67,24.18,23.41,188560.0
2025-09-16,23.67,23.08,23.79,22.8,267894.0
2025-09-17,23.02,23.07,23.39,22.91,187261.0
2025-09-18,23.01,22.5,23.45,22.2,350197.0
2025-09-19,22.51,22.27,22.9,22.2,177218.0
2025-09-22,22.31,22.5,22.82,21.98,186673.0
2025-09-23,22.56,21.76,22.56,21.2,274299.0
2025-09-24,21.67,22.19,22.29,21.44,200767.0
2025-09-25,22.25,22.37,22.59,22.06,200770.0
2025-09-26,22.2,22.48,23.13,22.17,240148.0
2025-09-29,22.51,22.27,22.79,22.05,213744.0
2025-09-30,22.4,22.32,22.98,22.21,189260.0
2025-10-09,22.72,24.9,24.92,22.68,484493.0
2025-10-10,25.36,24.56,26.09,24.43,405159.0
2025-10-13,23.5,24.3,24.5,23.5,300053.0
2025-10-14,24.35,22.22,24.55,22.2,393467.0
2025-10-15,22.31,22.78,22.8,21.93,196467.0
2025-10-16,22.55,22.15,22.69,22.05,151040.0
2025-10-17,22.18,21.17,22.3,21.1,185073.0
2025-10-20,21.5,21.46,21.79,21.28,109551.0
2025-10-21,21.47,21.68,21.96,21.4,121175.0
2025-10-22,21.62,21.59,21.78,21.35,85485.0
2025-10-23,21.54,21.43,21.69,20.9,117319.0
2025-10-24,21.6,22.08,22.5,21.6,176443.0
2025-10-27,22.45,22.38,22.74,22.22,185804.0
2025-10-28,22.2,22.61,23.5,22.09,284294.0
2025-10-29,22.61,23.21,23.27,22.5,237274.0
2025-10-30,23.96,23.3,24.17,23.01,256793.0
2025-10-31,23.6,23.55,23.9,23.09,244053.0
2025-11-03,23.21,23.31,23.36,22.5,218166.0
2025-11-04,23.18,22.49,23.44,22.31,153130.0
2025-11-05,22.15,22.5,22.95,21.72,196512.0
2025-11-06,22.53,23.07,23.29,22.45,165949.0
2025-11-07,23.14,24.49,24.89,23.01,459567.0
2025-11-10,24.5,24.53,24.98,23.62,345773.0
2025-11-11,24.43,24.41,25.4,24.3,274583.0
2025-11-12,24.3,23.75,24.31,23.53,186317.0
2025-11-13,23.92,24.72,25.07,23.83,339061.0
2025-11-14,24.47,24.51,25.09,23.77,341326.0
2025-11-17,25.0,25.21,26.02,24.82,417414.0
2025-11-18,25.02,23.84,25.49,23.58,331935.0
2025-11-19,23.77,23.94,24.4,23.67,196512.0
2025-11-20,23.94,22.9,24.25,22.76,214111.0
2025-11-21,22.6,21.88,22.77,21.74,232785.0
2025-11-24,22.09,22.15,22.56,21.75,130567.0
2025-11-25,22.41,22.45,22.97,22.23,169834.0
2025-11-26,22.52,22.35,23.0,22.28,149452.0
2025-11-27,22.34,22.9,23.33,22.28,258489.0
2025-11-28,22.9,22.83,22.93,22.58,155607.0
2025-12-01,22.84,22.9,23.25,22.67,192749.0
2025-12-02,22.7,22.57,22.88,22.23,160598.0
2025-12-03,22.59,22.63,23.04,22.52,165891.0
2025-12-04,22.51,21.84,22.76,21.03,293249.0
2025-12-05,21.87,22.68,22.79,21.61,217624.0
2025-12-08,22.96,22.9,23.25,22.85,193799.0
2025-12-09,22.76,23.4,24.08,22.57,300794.0
2025-12-10,23.21,23.56,23.83,22.62,248511.0
2025-12-11,23.57,23.33,23.59,23.19,168454.0
2025-12-12,25.58,28.0,28.0,24.66,1157261.0
2025-12-15,28.85,28.55,29.58,27.81,1134686.0
2025-12-16,28.08,26.62,28.2,26.16,698029.0
2025-12-17,26.55,26.38,26.68,25.63,459288.0
2025-12-18,26.22,26.27,27.14,25.91,556459.0
2025-12-19,26.6,26.09,26.99,26.04,424295.0
2025-12-22,26.18,26.97,27.08,25.97,503508.0
2025-12-23,27.05,27.39,28.11,26.92,542065.0
2025-12-24,27.01,28.36,28.76,26.86,550490.0
2025-12-25,28.47,28.47,28.85,27.84,448804.0
2025-12-26,28.49,28.2,29.46,27.9,513404.0
2025-12-29,27.88,27.69,28.21,27.51,329732.0
2025-12-30,27.36,27.2,27.64,27.0,286377.0
2025-12-31,27.21,27.41,27.59,26.9,250902.0
2026-01-05,28.12,29.0,29.41,28.12,446796.0
2026-01-06,29.0,29.37,30.61,28.7,516517.0
2026-01-07,30.01,29.5,30.49,29.13,468142.0
2026-01-08,29.47,29.48,30.1,28.96,389471.0
2026-01-09,29.61,33.88,34.56,29.61,809236.0
2026-01-12,34.85,36.26,36.5,34.21,849389.0
2026-01-13,34.55,32.59,34.88,31.99,749103.0
2026-01-14,32.6,31.6,33.6,31.18,622792.0
2026-01-15,31.14,31.97,32.22,31.13,398175.0
2026-01-16,32.09,33.18,33.65,31.96,461161.0
2026-01-19,32.96,33.61,34.87,32.2,496093.0
2026-01-20,33.61,31.16,34.02,30.75,578757.0
2026-01-21,31.0,32.2,32.58,30.81,331754.0
2026-01-22,32.1,32.49,33.06,32.06,311169.0
2026-01-23,32.79,34.22,35.46,32.6,540744.0
2026-01-26,33.83,32.26,34.18,32.09,397159.0
2026-01-27,32.56,33.06,33.39,31.81,285179.0
2026-01-28,32.95,31.75,32.95,31.45,338815.0
2026-01-29,31.5,30.12,31.83,29.93,439984.0
2026-01-30,29.89,29.88,30.27,28.88,323234.0
2026-02-02,29.88,28.59,30.04,28.53,251304.0
2026-02-03,29.18,30.99,31.43,29.05,495127.0
2026-02-04,31.65,31.02,31.94,30.42,263781.0
2026-02-05,30.62,30.71,30.95,29.91,196785.0
2026-02-06,30.13,30.13,30.85,29.95,184987.0
2026-02-09,30.54,30.78,30.98,30.15,194908.0
2026-02-10,30.5,30.5,31.06,30.28,142587.0
2026-02-11,30.48,31.4,32.8,30.39,365015.0
2026-02-12,31.02,32.27,32.62,30.9,312291.0
2026-02-13,31.96,31.0,32.2,30.88,301371.0
2026-02-24,34.19,33.63,35.45,33.24,723715.0
2026-02-25,34.85,35.29,36.44,33.87,652771.0
2026-02-26,34.85,36.6,37.18,33.8,698919.0
2026-02-27,35.83,38.26,38.52,35.83,708933.0
2026-03-02,38.06,38.51,39.65,36.6,815074.0
2026-03-03,39.35,36.3,39.52,35.26,830249.0
2026-03-04,35.03,35.22,36.83,34.97,442413.0
2026-03-05,36.28,35.51,36.79,34.9,448755.0
2026-03-06,34.81,35.51,36.28,34.44,321784.0
2026-03-09,34.45,34.43,34.68,32.6,441219.0
2026-03-10,34.85,38.24,38.43,34.8,701786.0
2026-03-11,39.6,39.71,41.73,39.55,780216.0
2026-03-12,39.31,38.42,39.68,37.9,468611.0
2026-03-13,38.38,37.98,39.43,37.5,504436.0
2026-03-16,37.88,37.39,38.05,35.8,434263.0
2026-03-17,38.0,35.9,38.11,35.85,316720.0
2026-03-18,36.14,36.35,37.1,35.68,276846.0
2026-03-19,35.43,34.41,35.45,34.05,344429.0
2026-03-20,34.81,32.74,34.99,32.66,341359.0
2026-03-23,32.01,30.8,32.47,30.5,450831.0
2026-03-24,31.24,31.3,31.43,29.65,502465.0
2026-03-25,31.73,31.75,33.28,31.5,325020.0
2026-03-26,31.7,30.51,32.14,30.35,314109.0
2026-03-27,30.31,30.71,31.5,30.0,257411.0
2026-03-30,30.01,30.64,30.8,29.81,218864.0
2026-03-31,31.53,30.7,32.14,30.6,365095.0
2026-04-01,31.63,31.38,31.88,30.79,241615.0
2026-04-02,31.35,30.14,31.39,29.92,240647.0
2026-04-03,30.4,30.6,31.13,30.05,224679.0
2026-04-07,30.88,31.26,32.39,30.61,283430.0
2026-04-08,31.9,32.22,32.65,31.4,476982.0
2026-04-09,31.15,31.88,32.24,31.15,271241.0
2026-04-10,32.2,32.86,34.08,32.03,397142.0
2026-04-13,32.5,34.23,34.96,32.5,458182.0
2026-04-14,34.82,34.08,35.5,33.68,459278.0
2026-04-15,35.55,33.3,35.66,33.13,402199.0
2026-04-16,33.66,35.68,35.87,33.18,548973.0
2026-04-17,35.19,36.6,37.0,35.19,421018.0
2026-04-20,36.38,35.63,36.75,35.45,454687.0
2026-04-21,35.52,35.88,36.69,34.81,371685.0
2026-04-22,36.11,36.66,37.1,36.06,456356.0
2026-04-23,36.7,36.0,37.5,35.8,406793.0
2026-04-24,35.95,35.51,36.55,35.08,337354.0
2026-04-27,35.73,35.03,36.72,34.88,419227.0
2026-04-28,34.61,37.05,37.76,33.71,777067.0
2026-04-29,36.74,36.98,37.34,36.39,424343.0
2026-04-30,36.98,35.78,37.19,35.16,487408.0
