日期,开盘,最高,最低,收盘,成交量,成交额,换手率,涨跌幅,MA5,MA10,MA20,MA30,MA60,MA120,MA250,SMA5,SMA10,SMA20,SMA30,SMA60,SMA120,SMA250,EMA12,EMA26,RSI6,RSI12,RSI24,DIF12-26-9,DEA12-26-9,MACD12-26-9,DIF12-26-12,DEA12-26-12,MACD12-26-12,BOLL_UPPER20-2,BOLL_MIDDLE20-2,BOLL_LOWER20-2,K9-3-3,D9-3-3,J9-3-3,K10-3-3,D10-3-3,J10-3-3,ATR10,CCI,Williams_R10,BIAS5,BIAS10,BIAS20,BIAS30,BIAS60,BIAS120,BIAS250,PSY10
2025-12-03,62.0,80.0,58.88,67.99,122598637,8088569578.78,77.5512,280.0447,,,,,,,,,,,,,,,67.99,67.99,,,,0.0,0.0,0.0,0.0,0.0,0.0,,,,,,,,,,21.119999999999997,,,,,,,,,,
2025-12-04,68.5,76.89,65.55,69.49,96710191,6838922053.68,61.1752,2.2062,,,,,,,,,,,,,,,68.22076923076922,68.10111111111111,,,,0.11965811965811213,0.023931623931622428,0.1914529914529794,0.11965811965811213,0.018408941485863407,0.20249835634449745,,,,,,,,,,19.34181818181818,,,,,,,,,,124.38634456061075
2025-12-05,68.1,70.16,64.51,65.89,69732166,4665091608.47,44.1099,-5.1806,,,,,,,,,,,,,,,67.86218934911241,67.93732510288065,,,,-0.07513575376823667,0.00411814839165061,-0.15850780431977457,-0.07513575376823667,0.004017449908309548,-0.15830640735309243,,,,,,,,,,16.85239669421487,,,,,,,,,,58.7451421021816
2025-12-08,64.59,69.6,63.0,68.75,60374083,4058038916.08,38.1904,4.3406,,,,,,,,,,,,,,,67.99877560309511,67.99752324340801,,,,0.0012523596871005793,0.003544990650740604,-0.004585261927280049,0.0012523596871005793,0.003592051412738938,-0.004679383451276717,,,,,,,,,,14.988324567993983,,,,,,,,,,152.94382577794977
2025-12-09,67.34,69.5,65.75,67.8,50273311,3390269094.93,31.801,-1.3818,67.984,,,,,,,67.984,,,,,,,67.96819474108048,67.98289189204445,,,,-0.014697150963968397,-0.00010343767220119668,-0.0291874265835344,-0.014697150963968397,0.0007783279701685784,-0.03095095786827395,,,,,,,,,,12.944992828358712,,,-0.002706519180983724,,,,,,,87.01014925767807
2025-12-10,67.0,67.32,62.85,63.88,51096183,3290644480.99,32.3215,-5.7817,67.162,,,,,,,67.162,,,,,,,67.33924170399118,67.67897397411524,33.98285268901016,,,-0.3397322701240597,-0.06802920416257291,-0.5434061319229736,-0.3397322701240597,-0.05160791789048193,-0.5762487044671556,,,,,,,,,,11.491357768657126,,,-0.04886691879336535,,,,,,,55.125448511266285
2025-12-11,63.21,70.27,61.79,67.68,82467649,5485531580.49,52.1659,5.9487,66.8,,,,,,,66.8,,,,,,,67.3916660572233,67.67904997603263,49.067949488875556,,,-0.2873839188093257,-0.11190014709192347,-0.3509675434348044,-0.2873839188093257,-0.08788114880107328,-0.3990055400165048,,,,,,,,,,10.943838174355829,,,0.013173652694610924,,,,,,,178.2191736519293
2025-12-12,67.0,72.69,64.55,69.3,77448163,5255713738.08,48.9908,2.3936,67.482,,,,,,,67.482,,,,,,,67.68525589457356,67.79912034817836,49.43283582089553,,,-0.1138644536048048,-0.11229300839449975,-0.003142890420610084,-0.1138644536048048,-0.09187858030933968,-0.04397174659093023,,,,,,,,,,10.434049415382042,,,0.026940517471325656,,,,,,,126.68606473437498
2025-12-15,68.33,76.23,68.33,74.98,84430273,6200898964.93,53.4074,8.1962,68.728,,,,,,,68.728,,,,,,,68.80752421848533,68.33103735942441,74.13701540095593,,,0.4764868590609126,0.005462965096582714,0.9420477879286597,0.4764868590609126,-0.004437743483147016,0.9618492050881192,,,,76.23106060606062,76.23106060606062,76.23106060606062,,,,9.973313158039852,,,0.09096729135141442,,,,,,,219.8477446760246
2025-12-16,72.78,73.55,67.48,67.48,68407655,4736072284.53,43.2721,-10.0027,68.66400000000002,68.324,,,,,,68.66400000000002,68.324,,,,,,68.60328972333375,68.2679975550226,47.29441840647636,,,0.33529216831114184,0.07142880573949455,0.5277267251432946,0.33529216831114184,0.047828396792897424,0.5749275430364889,,,,63.3814134724731,71.94784489486479,46.248550627689724,40.71969696969698,40.71969696969698,40.71969696969698,9.52361985657806,,-59.28030303030302,-0.017243388092741632,-0.012352906738481268,,,,,,34.857511419356115
2025-12-17,66.02,66.7,63.99,64.65,42072312,2741977527.76,26.6133,-4.1938,68.818,67.99,,,,,,68.818,67.99,,,,,,67.99509130435933,67.99999773613204,43.78698224852073,,,-0.004906431772710107,0.05616175823705362,-0.12213638001952745,-0.004906431772710107,0.03971534624434242,-0.08924355603410505,,,,48.85630704259058,64.25066561077338,18.06758990622498,33.459930430129134,38.29977478984104,23.780241710705326,8.426598064472959,,-81.05960264900658,-0.060565549710831355,-0.04912487130460346,,,,,,65.15302028186379
2025-12-18,64.0,65.41,63.65,64.0,26378589,1705741414.46,16.6861,-1.0054,68.082,67.441,,,,,,68.082,67.441,,,,,,67.38046187291944,67.70370160752967,50.271739130434774,44.28530507018047,,-0.32323973461022604,-0.01971854033240232,-0.6070423885556474,-0.32323973461022604,-0.016123896964052732,-0.6142316752923466,,,,37.67244107548514,55.39125743234398,2.2348083617674632,27.408190000510835,34.66924652673097,12.886076948070553,7.214489325477874,,-84.69529085872576,-0.05995711054316844,-0.051022375113061826,,,,,,90.3887639790575
2025-12-19,65.08,65.5,63.3,64.14,26745218,1716959345.91,16.918,0.2188,67.05,67.26599999999999,,,,,,67.05,67.26599999999999,,,,,,66.88192927708567,67.43972371067562,40.390879478827344,44.50784593437947,,-0.5577944335899474,-0.12733371898391133,-0.8609214292120722,-0.5577944335899474,-0.09945782567572883,-0.9166732158284372,,,,30.5397067927057,47.10740721913122,-2.595694060145334,23.69687274272283,31.01178859872826,9.067041030711977,6.302763993572806,,-83.72576177285318,-0.043400447427293015,-0.04647221478904634,,,,,,102.20915929559324
2025-12-22,63.8,64.64,63.2,64.43,23905236,1530691009.62,15.1215,0.4521,64.94000000000001,66.834,,,,,,64.94000000000001,66.834,,,,,,66.50470938830327,67.21678121358853,35.75190169689881,42.52364066193856,,-0.712071825285264,-0.24428134024418188,-0.9355809700821642,-0.712071825285264,-0.19370613330796504,-1.036731383954598,,,,26.45398735395525,40.22293393073923,-1.0839057996127224,21.8920979873,27.971891728252174,9.732510505395652,5.418625085650477,,-81.71745152354566,-0.007853403141361334,-0.035969716012807795,,,,,,104.61446960876593
2025-12-23,64.69,64.69,62.0,62.22,30480676,1916538199.09,19.2809,-3.4301,63.888,66.276,,,,,,63.888,66.276,,,,,,65.8455233285643,66.84664927184123,3.1571218795888853,44.345146379044685,,-1.0011259432769322,-0.39565026085073196,-1.2109513648524004,-1.0011259432769322,-0.31792456561088306,-1.366402755332098,,,,18.628604681030186,33.02482418083622,-10.163834318581877,15.58734510326002,23.843709519921457,-0.9253837300628547,4.922511433714026,,-97.02216066481995,-0.026108189331329815,-0.06119862393626649,,,,,,70.53728739198823
2025-12-24,62.24,63.23,61.28,62.93,20097132,1257502037.62,12.7127,1.1411,63.544000000000004,66.18100000000001,,,,,,63.544000000000004,66.18100000000001,,,,,,65.39698127801594,66.5565271035567,16.69106881405571,40.396039603960396,,-1.1595458255407607,-0.5484293737887378,-1.2222329035040458,-1.1595458255407607,-0.4474047594462489,-1.4242821321890236,,,,16.09799955323974,27.382549304970727,-6.471099950222232,14.070493168059631,20.585970735967518,1.0395380322438612,4.3820548094023835,,-88.96321070234114,-0.00966259599647495,-0.04912286003535775,,,,,,112.0152750848382
2025-12-25,62.27,63.15,62.02,62.35,17603773,1101111503.01,11.1355,-0.9217,63.21400000000001,65.648,,,,,,63.21400000000001,65.648,,,,,,64.92821492755195,66.24493250329324,24.8908296943232,40.89542265285668,,-1.3167175757412934,-0.702087014179249,-1.2292611231240889,-1.3167175757412934,-0.5811451927224096,-1.4711447660377677,,,,13.117729913976998,22.627609507972817,-5.9020292740146445,11.766058990523591,17.646000154152876,0.006176663265023308,3.790772116783767,,-92.8428093645485,-0.013667858385800792,-0.050237631001705994,,,,,,91.15641998761603
2025-12-26,62.47,64.93,61.58,64.43,36204082,2303703860.67,22.9013,3.336,63.272000000000006,65.161,,,,,,63.272000000000006,65.161,,,,,,64.85156647715934,66.11049305860486,53.57737104825296,50.97899608401567,,-1.2589265814455217,-0.8134549276325036,-0.8909433076260362,-1.2589265814455217,-0.6854192525259654,-1.1470146578391127,,,,17.302610488698623,20.85260983488142,10.20261179633303,14.867450698253197,16.719817002186318,11.16271809038696,3.7106317319139928,,-78.9297658862876,0.01830193450499433,-0.011218366814505526,,,,,,138.84068104513113
2025-12-29,64.0,64.28,62.3,62.57,22332902,1412677736.72,14.1269,-2.8869,62.9,63.92,,,,,,62.9,63.92,,,,,,64.50055624990405,65.84823431352302,39.844760672703785,40.22944550669216,,-1.3476780636189716,-0.9202995548297973,-0.8547570175783485,-1.3476780636189716,-0.7873052234633509,-1.1207456803112414,,,,19.46865299492577,20.391290888229538,17.62337720831823,13.416116276423075,15.618583426931904,9.011181975405417,3.4232441442932684,,-89.48655256723717,-0.00524642289348169,-0.02112015018773469,,,,,,74.60711325332831
2025-12-30,61.98,61.99,60.71,60.89,22228507,1358548107.64,14.0609,-2.685,62.634,63.261,65.79249999999999,,,,,62.634,63.261,65.79249999999999,,,,,63.94508605761112,65.4809576977065,30.59210526315789,33.956505150705866,,-1.5358716400953796,-1.0434139718829138,-0.9849153364249315,-1.5358716400953796,-0.9024692875605861,-1.266804705069587,72.53991236950955,65.79249999999999,59.04508763049043,14.231711599957471,18.33809779213885,6.018939215594713,9.945746966697186,13.727637940186998,2.381965019717562,3.1390179362399464,-118.61871352421883,-96.99499165275459,-0.027844301816904553,-0.03747964780828634,-0.07451457232967268,,,,,76.17249671874613
2025-12-31,60.33,61.65,59.55,60.92,18941025,1145195152.46,11.9814,0.0493,62.232000000000006,62.888,65.439,,,,,62.232000000000006,62.888,65.439,,,,,63.479688202594026,65.14310897935788,40.6340057636888,15.807392996109002,,-1.66342077676385,-1.167415332859101,-0.992010887809498,-1.66342077676385,-1.0195387474380113,-1.2877640586516774,72.4377815480907,65.439,58.440218451909296,17.162877761316206,17.946357781864634,15.595917720219347,14.305568005809349,13.92028129539445,15.076141426639147,2.95010558419632,-119.52798663324958,-76.97478991596633,-0.02108240133693284,-0.03129372853326543,-0.06905667873897815,,,,,100.49378552879682
2026-01-05,61.52,62.62,61.0,61.94,18144106,1123800756.33,11.4773,1.6743,62.15,62.682,65.0615,,,,,62.15,62.682,65.0615,,,,,63.24281309450264,64.90584164755359,43.17241379310344,30.32670454545456,,-1.6630285530509497,-1.266537976897471,-0.7929811523069574,-1.6630285530509497,-1.118537179070771,-1.0889827479603573,71.95392536183172,65.0615,58.16907463816827,26.24984911473123,20.714188226153503,37.32117089188668,22.92640107950315,16.922321223430686,34.93456079164808,2.722813659796988,-86.30928170503537,-59.83193277310925,-0.003378921962992773,-0.01183752911521656,-0.04797768265410416,,,,,118.06279585405352
2026-01-06,62.96,64.66,62.71,63.79,30015230,1913241610.68,18.9865,2.9868,62.022000000000006,62.647000000000006,64.9565,,,,,62.022000000000006,62.647000000000006,64.9565,,,,,63.32699569534839,64.82318671069777,58.450704225352084,46.71755725190838,,-1.4961910153493818,-1.3124685845878532,-0.3674448615230572,-1.4961910153493818,-1.1766377692674803,-0.639106492163803,71.85975712597819,64.9565,58.05324287402183,43.77003571713182,28.399470723146276,74.51116570510291,41.554403693646435,25.13301538016927,74.39718032060077,2.7223020852884443,-32.39428095218142,-21.189591078067018,0.028506013995033913,0.018245087554072715,-0.017958172007420448,,,,,134.2190038693061
2026-01-07,63.77,66.18,63.0,64.83,35790655,2319815213.5,22.6398,1.6303,62.474000000000004,62.687,64.76050000000001,,,,,62.474000000000004,62.687,64.76050000000001,,,,,63.55822712683325,64.82369139879424,52.6737967914438,53.07635285396588,46.73553719008265,-1.2654642719609868,-1.30306772206248,0.07520690020298648,-1.2654642719609868,-1.1903033850664813,-0.15032177378901102,71.4288556720095,64.76050000000001,58.09214432799051,55.72602682801244,37.50832275810166,92.16143496783398,54.24893881235551,34.838323190898016,93.07017005527051,2.805519887963274,-2.6035455918594512,-20.361990950226343,0.0377116880622338,0.034185716336720545,0.001073185043351901,,,,,117.55312926172626
2026-01-08,64.0,65.27,63.68,63.82,22513884,1447163695.44,14.2414,-1.5579,63.06,62.847,64.5615,,,,,63.06,62.847,64.5615,,,,,63.598499876551216,64.74934388777244,59.42684766214178,48.88579387186629,45.78020643594415,-1.1508440112212242,-1.272622979894229,0.24355793734600972,-1.1508440112212242,-1.184232712167211,0.06677740189197356,71.08388340356943,64.5615,58.03911659643056,58.61875896125916,44.54513482582083,86.7660072321358,57.63403361748787,42.43689333309464,88.02831418627433,2.584516271969951,-10.723278631588261,-35.595776772247405,0.012052013954963494,0.015482043693414148,-0.011485173052051068,,,,,85.46883466228043
2026-01-09,63.45,70.0,63.18,68.46,45111573,3014657086.91,28.5359,7.2704,64.56800000000001,63.4,64.7905,,,,,64.56800000000001,63.4,64.7905,,,,,64.34642297246641,65.024207303493,89.46819603753912,60.76964190272577,49.019980970504285,-0.6777843310265865,-1.1536552501207005,0.9517418381882279,-0.6777843310265865,-1.106317576607115,0.8570664911610568,71.53012508718322,64.7905,58.05087491281676,67.50022527241836,52.19683164135334,98.1070125345484,66.84374170990418,50.57250945869782,99.38620621231689,3.3546042225208685,75.23000175478127,-14.736842105263214,0.060277536860363974,0.0798107255520504,0.05663638959415346,,,,,201.7441496086929
2026-01-12,68.61,69.89,67.4,68.55,32951930,2253504791.4,20.8441,0.1315,65.89,64.02,64.834,,,,,65.89,64.02,64.834,,,,,64.9931271305485,65.28537713286389,89.53367875647669,69.07775768535261,52.712071778140285,-0.29225000231538445,-0.9813742005596373,1.3782483964885057,-0.29225000231538445,-0.9810764113314641,1.3776528180321592,71.66279167858222,64.834,58.00520832141778,73.7082841529041,59.36731581187027,102.39022083497176,73.27062844456131,58.13854912065232,103.53478709237929,3.1974034547898005,107.38934822038524,-13.875598086124425,0.040370314159963526,0.07075913776944708,0.05731560600919261,,,,,101.32244081983643
2026-01-13,68.48,71.09,67.24,69.21,29633783,2044476654.9,18.7452,0.9628,66.974,64.498,64.82950000000001,,,,,66.974,64.498,64.82950000000001,,,,,65.6418768027718,65.57608993783694,89.12809472551132,68.98428053204351,50.49103330486763,0.0657868649348643,-0.7719419874607371,1.6754577047912027,0.0657868649348643,-0.8200205226751058,1.7716147752199403,71.64600774918779,64.82950000000001,58.01299225081224,77.0418023757662,65.25881133316892,100.60778446096074,76.75003190353767,64.34237671494745,101.56534228071814,3.3160573721007474,121.73162596505887,-16.291161178509608,0.033386090124525786,0.0730565288846164,0.06756954781388076,,,,,110.05604482404408
2026-01-14,68.82,70.56,65.88,66.73,31130000,2116957366.5,19.6917,-3.5833,67.354,64.914,64.417,,,,,67.354,64.914,64.417,,,,,65.80928037157614,65.66156475725643,64.81854838709683,61.876355748373115,48.89394252635932,0.1477156143197078,-0.5880104671046481,1.4714521628487118,0.1477156143197078,-0.6711380400605191,1.637707308760454,69.39873125688145,64.417,59.435268743118556,72.1006585451382,67.53942707049202,81.22312149443056,71.90614489698585,66.86363277562693,81.99116913970371,3.5640469408097033,104.93049570156248,-37.78162911611783,-0.009264483178430313,0.027975475244169247,0.035906670599375974,,,,,69.42609785485439
2026-01-15,67.57,72.68,67.57,70.1,39113947,2753747192.53,24.742,5.0502,68.61,65.83500000000001,64.548,65.80666666666667,,,,68.61,65.83500000000001,64.548,65.80666666666667,,,,66.46939108364134,65.9903377382004,71.51020408163268,64.36898124683222,56.503554997908815,0.4790533454409456,-0.3745977045955294,1.7073021000729498,0.4790533454409456,-0.49418551921413995,1.9464777293101712,69.98578437852849,64.548,59.11021562147151,74.03742533146198,69.70542649081534,82.70142301275524,74.72087750685066,69.4827143527015,85.19720381514895,3.997856587935212,179.6905473930562,-19.64965727341973,0.021716950881795583,0.06478317004632772,0.08601350932639264,0.06524161685746108,,,,163.6699429971189
2026-01-16,70.03,75.96,70.02,74.4,42173382,3124961440.92,26.6773,6.1341,69.798,67.183,65.03549999999998,66.02033333333333,,,,69.798,67.183,65.03549999999998,66.02033333333333,,,,67.68948476308114,66.61327568351888,84.0411840411841,76.68019846639606,56.953642384105954,1.0762090795622612,-0.08443634776397127,2.321290854652465,1.0762090795622612,-0.2525863501716167,2.6575908594677555,72.03555255619368,65.03549999999998,58.0354474438063,78.76708858575455,72.72598052246175,90.84930471234014,79.67131584235679,72.87891484925328,93.25611782856382,4.350973571946991,214.53585748363182,-10.427807486630941,0.06593312129287378,0.10742300879686822,0.14399058975482656,0.12692554314074977,,,,181.36320244213712
2026-01-19,75.02,81.84,75.01,80.28,45701602,3631967168.51,28.9091,7.9032,72.144,69.017,65.8495,66.38000000000001,,,,72.144,69.017,65.8495,66.38000000000001,,,,69.6264871072225,67.62562563288785,85.22050059594761,86.76526355707246,60.44123240775961,2.0008614743346556,0.3326232166557541,3.336476515357803,2.0008614743346556,0.09409793052165596,3.813527087625999,75.591693582016,65.8495,56.107306417984006,83.08464079814635,76.17886728102329,96.89618783239249,83.72930029845915,76.49570999898857,98.1964808974003,4.912614740683901,252.18760910399283,-8.154730789336131,0.11277445109780432,0.16319167741281143,0.21914365333070096,0.20940042181379917,,,,213.96576099676295
2026-01-20,80.18,87.0,78.26,86.08,45132367,3771337611.55,28.549,7.2247,75.518,71.24600000000001,66.9465,67.05300000000001,,,,75.518,71.24600000000001,66.9465,67.05300000000001,,,,72.15779678303443,68.992616326748,88.97287683414855,89.1412570006223,60.531309297912706,3.1651804562864214,0.8991346645818876,4.532091583409068,3.1651804562864214,0.5665721652546968,5.197216582063449,80.19002199140554,66.9465,53.70297800859446,87.43566033618377,79.93113163274346,102.44471774306439,87.87508908786165,80.28883636194627,103.04759453969245,5.608502969650464,250.49783009682614,-3.8333333333333406,0.1398606954633332,0.2082081801083568,0.28580284256831945,0.2837606072808075,,,,200.88566409075122
2026-01-21,86.5,88.5,84.25,86.32,41503564,3588970991.07,26.2536,0.2788,79.436,73.395,68.041,67.63866666666667,,,,79.436,73.395,68.041,67.63866666666667,,,,74.33659727795221,70.27612622847037,88.76302673312192,88.87117346938778,70.7306338028169,4.0604710494818335,1.5314019415618767,5.0581382158399135,4.0604710494818335,1.1040950705204102,5.912751957922847,83.79000351066527,68.041,52.291996489334714,88.75384201453852,82.87203509334182,100.51745585693192,89.04679451565711,83.20815574651655,100.72407205393824,5.361502429714015,221.53939962756937,-8.609794628752002,0.0866609597663526,0.17610191429933916,0.2686468452844608,0.276193104535867,,,,102.82334630305398
2026-01-22,87.7,93.99,83.7,87.05,45296189,3970284823.57,28.6526,0.8457,82.826,75.718,69.2825,68.28033333333333,,,,82.826,75.718,69.2825,68.28033333333333,,,,76.29250538903648,71.51863539673182,100.0,88.45899470899474,75.84217812644206,4.773869992304654,2.179895551710432,5.1879488811884436,4.773869992304654,1.668675827717986,6.210388329173336,86.90293893951149,69.2825,51.66206106048851,84.27298705155172,83.3390190794118,86.14092299583157,85.18947828686349,83.86859659329886,87.83124167399274,6.257592897038738,191.9030516749401,-22.525154170723788,0.05099847873856041,0.14966058268839633,0.2564500414967705,0.2748912571213771,,,,108.78610758500717
2026-01-23,86.18,92.56,83.77,90.72,41170906,3659522710.02,26.0432,4.216,86.09,77.94399999999999,70.672,69.175,,,,86.09,77.94399999999999,70.672,69.175,,,,78.51211994456932,72.94095870067761,100.0,89.38241557651357,78.81794650560829,5.571161243891709,2.8581486901466877,5.426025107490042,5.571161243891709,2.2690581994370205,6.604206088909376,90.43574841923838,70.672,50.908251580761615,85.63770107954748,84.10524641279036,88.70261041306173,86.248695236422,84.66196280767323,89.4221600939195,6.718030552122605,160.2042588867976,-11.632870864461033,0.05378092693692642,0.16391255260186816,0.28367670364500797,0.3114564510299964,,,,151.12720866351924
2026-01-26,90.91,99.65,89.19,98.89,44569712,4304871083.18,28.1931,9.0057,89.81199999999998,80.978,72.499,70.21533333333333,,,,89.81199999999998,80.978,72.499,70.21533333333333,,,,81.64717841463559,74.86310990803483,100.0,93.80464651511369,81.9452105166391,6.784068506600761,3.6433326534375023,6.281471706326517,6.784068506600761,2.9636751697699037,7.640786673661714,95.51212476781342,72.499,49.48587523218657,89.67496131588823,85.96181804715633,97.10124785335199,90.08229075380459,86.46873878971702,97.30939468197968,7.39838863355486,174.1425187870992,-2.250518211430278,0.1010778069745693,0.2211958803625677,0.3640188140526077,0.4083818349268441,,,,236.8608881601829
2026-01-27,96.0,98.15,89.02,91.4,51013618,4777289499.88,32.2693,-7.5741,90.876,83.197,73.8475,70.952,,,,90.876,83.197,73.8475,70.952,,,,83.14761250469165,76.08806472966188,71.30268199233718,76.74906716417912,71.89478811495373,7.05954777502977,4.326575677755956,5.465944194547628,7.05954777502977,3.5938094167329604,6.93147671659362,98.00221437040376,73.8475,49.69278562959623,84.5443216752638,85.48931925652549,82.65432651274043,85.2448713602997,86.06078297991125,83.61304812107659,7.847772518363067,128.2459598299412,-24.42996742671009,0.005766098859985044,0.09859730519129299,0.23768577135312652,0.288194835945428,,,,45.49233079391249
2026-01-28,93.5,98.6,91.97,98.0,35767569,3397308953.2,22.6252,7.221,93.212,86.324,75.619,71.71933333333332,,,,93.212,86.324,75.619,71.71933333333332,,,,85.43259519627755,77.71117104598322,72.15613382899629,79.81372747519742,77.11427705365264,7.721424150294325,5.00554537226363,5.43175755606139,7.721424150294325,4.2288270680500935,6.985194164488464,101.43121897514922,75.619,49.80678102485077,87.83998765301084,86.27287538868728,90.97421218165795,88.44878373313412,86.85678323098554,91.63278473743128,7.729995696842507,127.46152070653686,-5.143391521197023,0.05136677680985277,0.13525786571521248,0.2959705894021344,0.3664376876527949,,,,200.81622535075638
2026-01-29,100.0,104.87,96.0,97.0,41788800,4198489320.38,26.434,-1.0204,95.202,89.014,77.4245,72.70333333333333,,,,95.202,89.014,77.4245,72.70333333333333,,,,87.21219593531177,79.13997319072521,69.30585683297181,77.94088075608286,75.70544741210202,8.072222744586554,5.618880846728215,4.906683795716678,8.072222744586554,4.820118710594165,6.504208067984779,103.94080161954997,77.4245,50.90819838045002,83.10788192272614,85.21787756670024,78.88789063477793,84.77169035102294,86.16175227099802,81.99156651107279,7.937269206507507,126.70733176138131,-22.582496413199436,0.01888615785382662,0.08971622441413715,0.25283340544659644,0.3341891706019898,,,,90.25194825709323
2026-01-30,92.8,95.99,87.6,93.58,39817014,3651587370.36,25.1867,-3.5258,95.774,90.93199999999999,79.0575,73.66766666666666,,,,95.774,90.93199999999999,79.0575,73.66766666666666,,,,88.19185809910995,80.20960480622705,60.757825370675455,76.49496743635287,72.59441470120099,7.982253292882902,6.091555335959153,3.781395913847497,7.982253292882902,5.306600954023201,5.351304677719401,105.31557374584258,79.0575,52.799426254157424,74.59603502351854,81.67726338563968,60.43357829927626,77.24453391117538,83.18934615105715,65.35490943141184,8.203220259869779,78.61810319259867,-37.80977896851978,-0.022908096143003348,0.029120661593278613,0.18369541156752986,0.2702994981968571,,,,69.84142082569716
2026-02-02,88.01,92.01,88.0,88.01,26361542,2357955158.83,16.6753,-5.9521,93.598,91.705,80.361,74.468,,,,93.598,91.705,80.361,74.468,,,,88.16387993001612,80.78741185761764,45.79844961240311,66.93777189332326,66.2396694214876,7.376468072398481,6.348537883247019,2.055860378302924,7.376468072398481,5.6250420491578605,3.502852046481241,105.610144977707,80.361,55.11185502229302,56.51702287664581,73.29051654930839,22.97003553132066,63.70980952965996,76.6961672772581,37.73709403446367,7.726271121711637,54.848601374468714,-63.35963923337091,-0.059702130387401374,-0.04029224142631256,0.0951829867721905,0.1818499221141967,,,,54.1364534739801
2026-02-03,90.0,95.35,87.88,94.89,28067005,2590002028.56,17.7541,7.8173,94.296,92.586,81.916,75.493,,,,94.296,92.586,81.916,75.493,,,,89.19866763309057,81.83204801631263,43.54005167958656,68.4761045987376,70.81937644936873,7.366619616777939,6.552154229953204,1.6289307736494703,7.366619616777939,5.89297705956095,2.947285114433978,106.69438650709,81.916,57.13761349290999,55.29728780660028,67.29277363507236,31.306316149656112,60.092478908609706,71.16160448770864,37.95422775041183,7.679676372309521,68.1911448619965,-47.14218233349081,0.006299312802239693,0.024884971809992894,0.15838175692172474,0.25693772932589787,,,,212.26786727696734
2026-02-04,97.0,97.2,90.55,91.8,24315138,2257805144.66,15.3808,-3.2564,93.056,93.134,83.2645,76.40533333333335,,,,93.056,93.134,83.2645,76.40533333333335,,,,89.5988726126151,82.5704148299191,50.75301204819275,60.93809342954804,69.55586486144503,7.028457782695995,6.647414940501762,0.7620856843884649,7.028457782695995,6.067666401581726,1.921582762228537,107.04305334008718,83.2645,59.48594665991281,49.550482550371754,61.37867660683883,25.8940944374376,52.81554962983049,65.04625286841593,28.354143152659617,7.492462486435063,65.67509438964225,-61.73830892772795,-0.01349724896836314,-0.014323447935233139,0.10251067381657247,0.20148680720368536,,,,71.81618743580195
2026-02-05,87.04,88.98,85.1,86.01,24097102,2088452969.69,15.2429,-6.3072,90.858,93.03,84.374,77.19833333333332,,,,90.858,93.03,84.374,77.19833333333332,,,,89.04673836452048,82.82519891659176,26.718446601941736,49.933523266856604,64.79537681330348,6.22153944792872,6.562239841987154,-0.6814007881168678,6.22153944792872,6.091339177942802,0.260400539971835,106.33363991651869,84.374,62.4143600834813,34.56796627957681,52.44177316441816,-1.1796474901058929,38.749071001245625,56.280525579359164,3.686161845018546,7.348378397992324,18.780381603649012,-89.38388625592412,-0.05335798718880009,-0.07545952918413411,0.019389859435371203,0.11414322416287073,,,,52.126992007372266
2026-02-06,83.0,87.79,83.0,85.61,18671539,1604659262.83,11.8109,-0.4651,89.26400000000001,92.519,85.2315,77.95433333333334,,,,89.26400000000001,92.519,85.2315,77.95433333333334,,,,88.51800938536348,83.0314804783257,27.355864811133188,49.32777882976709,64.06082927408815,5.48652890703778,6.347097654997279,-1.721137495918999,5.48652890703778,5.998291443957414,-1.0235250738392683,105.87452433472902,85.2315,64.58847566527098,27.02336297925148,43.9689697693626,-6.867850600970769,29.81076612703069,47.45727242858301,-5.4822464760739535,6.883218689266448,3.9255880008308712,-88.06584362139918,-0.04093475533249698,-0.07467655292426427,0.004440846400685222,0.09820706995121067,,,,95.44550801168687
2026-02-09,87.58,89.14,85.61,88.27,18936943,1657807849.76,11.9788,3.1071,89.316,91.457,86.2175,78.81833333333334,,,,89.316,91.457,86.2175,78.81833333333334,,,,88.47985409530756,83.41951896141269,39.114391143911426,51.114358786993066,64.40338903271359,5.060335133894867,6.089745150776798,-2.058820033763862,5.060335133894867,5.853990473178561,-1.5873106785673876,105.33296508100607,86.2175,67.10203491899394,26.047887467039466,37.99527566858823,2.1531110639419495,27.906156232225605,40.94023369646388,1.8380013037490528,6.273542563945275,15.963491074374021,-75.90306355738457,-0.011711227551614564,-0.03484697726800571,0.023806071853162,0.11991710896365042,,,,135.79578668580558
2026-02-10,89.85,94.83,89.48,92.59,27486936,2534167789.56,17.3872,4.8941,88.856,91.576,87.38649999999998,79.757,,,,88.856,91.576,87.38649999999998,79.757,,,,89.11218423449101,84.09881385315991,59.896283491789106,51.68803033038454,65.72626331293905,5.0133703813311,5.874470196887659,-1.7221996311131171,5.0133703813311,5.724664305202029,-1.4225878477418572,104.91648787041355,87.38649999999998,69.85651212958642,31.981932598815828,35.9908279786641,23.96414183911928,33.22077844227326,38.36708194506701,22.92817143668576,6.325625734137043,54.251705990307,-56.14997713763146,0.042023048527955444,0.011072770158120141,0.059545810851790844,0.16090123750893334,,,,161.2536579316835
2026-02-11,91.3,96.58,91.3,93.35,21487337,2025668883.59,13.5921,0.8208,89.16600000000001,91.111,88.7175,80.783,,,,89.16600000000001,91.111,88.7175,80.783,,,,89.76415589072316,84.78408690107399,45.47591069330198,44.22676115047936,66.77650267015113,4.980068989649169,5.695589955439961,-1.4310419315815839,4.980068989649169,5.610111179732358,-1.2600843801663775,103.4653339176695,88.7175,73.9696660823305,45.61706304709786,39.19957300147536,58.452043138342844,37.92221992173498,38.21879460395633,37.32907055729227,6.135511964293944,65.31881804043553,-52.6748971193416,0.046923715317497505,0.024574420212707466,0.05221630456223398,0.15556490845846271,,,,108.51815012688681
2026-02-12,93.2,94.62,92.3,92.64,15525414,1446497229.23,9.8208,-0.7606,90.49199999999999,90.675,89.8445,81.84133333333332,,,,90.49199999999999,90.675,89.8445,81.84133333333332,,,,90.20659344599652,85.36600638988332,52.86885245901641,51.50485436893203,64.3791627021884,4.840587056113193,5.524589375574608,-1.3680046389228284,4.840587056113193,5.491722853021717,-1.3022715938170464,101.77844534841485,89.8445,77.91055465158514,53.04048334595256,43.81320978296776,71.49503047192215,47.91058792904397,41.44939237898555,60.83297902916081,5.441782516240501,52.437986308431775,-32.11267605633804,0.02373690491977203,0.021670802315963644,0.03111487069325339,0.13194636776852786,,,,92.64932102866075
2026-02-13,91.3,91.73,88.61,89.0,19489010,1754950668.69,12.328,-3.9292,91.17,90.21700000000001,90.5745,82.77733333333332,,,,91.17,90.21700000000001,90.5745,82.77733333333332,,,,90.02096368507398,85.63519110174383,61.96957566052841,38.232217573221746,61.66837840922059,4.3857725833301515,5.296826017125717,-1.8221068675911312,4.3857725833301515,5.321576657684553,-1.8716081487088037,100.0670244271482,90.5745,81.0819755728518,49.44482927288856,45.69041627960803,56.95365525944962,46.0248989949495,42.97456125097354,52.12557448290144,5.185094786014956,-10.090074358638256,-57.74647887323945,-0.023801689152133397,-0.013489697063746442,-0.017383479897763725,0.075173557978835,,,,66.97528997772869
2026-02-24,91.65,92.35,88.08,88.55,16271891,1460021629.68,10.293,-0.5056,91.226,90.271,90.988,83.66433333333335,,,,91.226,90.271,90.988,83.66433333333335,,,,89.79466157967798,85.85110287198503,61.72248803827751,38.79013000795966,61.06154198124,3.9435587076929437,5.026172555239163,-2.1652276950924385,3.9435587076929437,5.109573896147383,-2.332030376908879,99.23057650061111,90.988,82.74542349938889,45.991388529343546,45.7907403628532,46.392684862324245,43.7114350107175,43.220185837554865,44.693933357042766,5.018713915830417,-24.91971740526629,-60.91549295774651,-0.029333742573389186,-0.01906481594310469,-0.026794742163801847,0.05839605088588109,,,,95.0573250273027
2026-02-25,89.5,94.79,89.15,93.39,26342799,2429410322.84,16.6635,5.4658,91.386,90.121,91.3535,84.651,,,,91.386,90.121,91.3535,84.651,,,,90.34779056741982,86.40953969628244,67.3913043478261,49.757095372027614,64.84740476720873,3.9382508711373845,4.808588218418808,-1.7406746945628466,3.9382508711373845,4.929370353838152,-1.9822389654015353,99.32350501881933,91.3535,83.38349498118066,56.16411665333753,49.248532459681314,69.99528504064995,53.53062803531402,46.656999903474585,67.27788429899289,5.240765931133979,25.20805354042218,-26.830985915492967,0.021928960672313102,0.03627345457773444,0.022292523001308146,0.10323563809051287,,,,170.26214434626635
2026-02-26,92.19,94.49,91.04,93.1,15058188,1396159035.97,9.5252,-0.3105,91.33599999999998,90.251,91.6925,85.59333333333332,,,,91.33599999999998,90.251,91.6925,85.59333333333332,,,,90.77120740320139,86.90512934840967,52.3854069223573,57.5229086609518,63.26412918108419,3.866078054791714,4.620086185693389,-1.5080162618033501,3.866078054791714,4.765786923215623,-1.7994177368478184,99.33091227646614,91.6925,84.05408772353385,62.234104278464585,53.57705639927574,79.54820003684226,60.47844519978224,51.26414833557714,78.90703892819245,4.915172125473253,30.00520909638445,-25.625920471281326,0.019313304721030156,0.031567517257426396,0.015350219483600065,0.08770153438741346,,,,96.93777691838635
2026-02-27,92.32,97.33,92.19,96.07,21326257,2045089700.01,13.4902,3.1901,92.022,91.25699999999999,92.1435,86.66833333333334,,,,92.022,91.25699999999999,92.1435,86.66833333333334,,,,91.58640626424733,87.58400865593488,60.54263565891472,51.97192513368983,62.691812111983126,4.0023976083124495,4.496548470217202,-0.9883017238095047,4.0023976083124495,4.6483424132305196,-1.29188960983614,99.69238705634675,92.1435,84.59461294365326,71.23911843820278,59.464410412251425,94.78853449010549,70.72138263376968,57.74989310164132,96.6643616980264,4.956049920841752,81.04436174611625,-8.792742498255445,0.04398948077633596,0.05274115958227865,0.0426128809954038,0.10847868310224791,,,,136.89295463374074
2026-03-02,98.0,102.91,94.03,100.65,33990713,3359044948.77,21.5012,4.7674,94.352,92.761,92.64,87.74133333333334,,,,94.352,92.761,92.64,87.74133333333334,,,,92.98080530051696,88.55185986660638,73.8819320214669,64.0878701050621,62.114904246461286,4.4289454339105845,4.483027862955879,-0.10816485809058918,4.4289454339105845,4.614589031796683,-0.37128719577219726,101.05159600601615,92.64,84.22840399398385,75.74628574684414,64.891702190449,97.45545285963442,76.1263938175035,63.87539334026205,100.6283947719864,5.669495389779614,166.54431130522076,-13.063583815028851,0.06675004239443787,0.0850465173941636,0.08646373056994824,0.14712184299304007,,,,159.31618023984524
2026-03-03,99.65,100.63,92.41,93.05,28463883,2720011987.79,18.0052,-7.5509,95.252,93.239,92.348,88.55799999999999,,,,95.252,93.239,92.348,88.55799999999999,,,,92.99145063889897,88.88505543204295,59.76845151953688,60.5960264900662,54.05846046349133,4.106395206856021,4.4077013317359075,-0.6026122497597726,4.106395206856021,4.536405366421197,-0.860020319130351,100.23518240665165,92.348,84.46081759334835,61.66857350531349,63.8173259620705,57.371068591799485,61.92197888575306,63.22425518875906,59.317426279741085,6.136859864365141,72.4945267009086,-66.4868509777478,-0.023117624826775273,-0.0020270487671468717,0.007601680599471545,0.05072381941778275,,,,45.60641999674216
2026-03-04,90.33,97.17,90.03,94.5,23084062,2196240226.41,14.6021,1.5583,95.474,93.42999999999999,92.50300000000001,89.401,,,,95.474,93.42999999999999,92.50300000000001,89.401,,,,93.22353515599144,89.30097725189162,63.69075011504831,62.97052815873941,54.696830500689025,3.9225579040998184,4.3106726462086895,-0.7762294842177422,3.9225579040998184,4.441967295294831,-1.0388187823900257,100.43346384785349,92.50300000000001,84.57253615214654,55.542591372614034,61.05908109891835,44.50961192000541,55.71152829290708,60.72001289014174,45.69455909843778,6.319248979935114,33.83207362846394,-56.709372892784884,-0.01020173031401223,0.011452424274858262,0.02158848902197751,0.05703515620630646,,,,116.72242732127891
2026-03-05,95.49,95.92,90.84,92.39,20758425,1924988782.66,13.131,-2.2328,95.332,93.33399999999999,92.2225,90.25633333333333,,,,95.332,93.33399999999999,92.2225,90.25633333333333,,,,93.09529897814662,89.5297937517515,47.36842105263159,56.109134045077106,53.01831336197151,3.5655052263951177,4.161639162245976,-1.1922678717017163,3.5655052263951177,4.307126977002568,-1.4832435012149006,99.71931160297709,92.2225,84.7256883970229,46.71596448891285,56.27804222891652,27.59180900890553,46.82858910244155,56.08953829424168,28.30669071884128,6.093930983583276,17.59109675103231,-70.93728927848953,-0.030860571476524077,-0.010114213469903663,0.0018162595895795926,0.023640076965974727,,,,79.78689898181476
2026-03-06,90.9,95.9,90.06,93.04,16625187,1551216401.52,10.5165,0.7035,94.72600000000001,93.374,92.0245,91.021,78.41383333333333,,,94.72600000000001,93.374,92.0245,91.021,78.41383333333333,,,93.08679144304713,89.78980902939954,49.845041322314074,50.7487520798669,51.35767790262173,3.296982413647598,3.9887078125263002,-1.3834507977574049,3.296982413647598,4.151720121101803,-1.709475414908411,99.19197177036318,92.0245,84.85702822963682,42.29254903891113,51.61621116558139,23.64522478557062,42.36763211459693,51.51556956769343,24.071757208403923,6.047761713840862,26.474499447472613,-66.55428186109232,-0.01779870362941544,-0.003577012872962377,0.01103510478187877,0.022181694334274568,0.18652533672842603,,,107.26235950041914
2026-03-09,92.8,94.3,88.44,91.02,15725331,1418084424.97,9.9472,-2.1711,92.8,93.576,91.89649999999999,91.575,78.79766666666667,,,92.8,93.576,91.89649999999999,91.575,78.79766666666667,,,92.76882352873218,89.88093428648105,36.28462791960895,46.27914404343661,45.03720519611552,2.887889242251134,3.768544098471267,-1.7613097124402657,2.887889242251134,3.9572846012786234,-2.1387907180549783,99.03839794913053,91.89649999999999,84.75460205086945,34.13836372232408,45.79026201782896,10.83456713131433,34.85331464416599,45.96148459318429,12.636974746129397,6.01362322041525,-20.64703242067477,-80.1753202966959,-0.019181034482758635,-0.027314696075916876,-0.009537904055105396,-0.006060606060606135,0.15511034590702757,,,80.29181855476001
2026-03-10,92.0,92.5,90.0,91.46,13265250,1208795879.75,8.3911,0.4834,92.482,93.86699999999999,92.06899999999999,91.94766666666668,79.16383333333334,,,92.482,93.86699999999999,92.06899999999999,91.94766666666668,79.16383333333334,,,92.56746606277339,89.99790211711209,17.79957953749124,48.0992268041237,50.04152823920264,2.569563945661301,3.528748067909274,-1.9183682444959462,2.569563945661301,3.7437891157990353,-2.348450340275469,98.9785262995531,92.06899999999999,85.15947370044688,29.715831516333992,40.432118517330636,8.283257514340704,30.1924654642286,40.7051448835324,9.167106625621003,5.374782634885204,-22.753410701738066,-79.1292328956462,-0.01105079907441454,-0.02564266462121935,-0.006614604264193102,-0.0053037416211397445,0.1553255590200068,,,104.94062797791442
2026-03-11,92.07,93.46,89.8,89.95,15545856,1416873105.91,9.8337,-1.651,91.572,93.523,91.822,92.07666666666667,79.56483333333334,,,91.572,93.523,91.822,92.07666666666667,79.56483333333334,,,92.16477897619288,89.99435381214083,31.05134474327633,51.6430300933933,44.00595681310499,2.170425164052048,3.257083487137829,-2.1733166461715614,2.170425164052048,3.5017331232225755,-2.6626159183410545,98.6597330807963,91.822,84.9842669192037,23.289015528281645,34.71775085431431,0.4315448762163072,23.60677149354472,35.00568708686984,0.8089403068944705,5.0630039739969845,-27.213227695487664,-89.56461644782304,-0.017712837985410387,-0.038204505843482284,-0.02038727102437324,-0.023096694783332712,0.13052458267785805,,,84.66417998425622
2026-03-12,88.88,88.9,85.51,86.57,16635670,1445537859.88,10.5231,-3.7576,90.40799999999999,92.87,91.56049999999999,92.08500000000001,79.86183333333334,,,90.40799999999999,92.87,91.56049999999999,92.08500000000001,79.86183333333334,,,91.30404374908628,89.74069797420447,10.781404549950565,46.89070351758794,42.499640442974254,1.5633457748818103,2.9183359446866253,-2.70998033960963,1.5633457748818103,3.2035196850163037,-3.280347820268987,98.79054979236004,91.56049999999999,84.33045020763994,17.556661693183912,28.99738780060418,-5.324790521656624,17.768499003359295,29.259957725699664,-5.214418441321442,4.94973052417935,-123.4506487584462,-93.90804597701155,-0.04245199539863723,-0.06783676106385282,-0.05450494481790726,-0.05989031872726301,0.08399715341704722,,,68.18086368173859
2026-03-13,85.97,91.68,85.02,90.0,18489558,1632816735.2,11.6958,3.9621,89.8,92.263,91.75999999999999,92.18333333333334,80.23183333333333,,,89.8,92.263,91.75999999999999,92.18333333333334,80.23183333333333,,,91.10342163384223,89.75990553167081,39.54505686789153,44.42983897469603,47.42594190394018,1.3435161021714208,2.6033719761835843,-2.519711748024327,1.3435161021714208,2.917365287655552,-3.1476983709682624,98.55211307326412,91.75999999999999,84.96788692673586,22.338649969276155,26.77780852349484,13.460332860838776,21.124592776974026,26.54816940945779,10.277439512006502,5.260688610692197,-80.23384739441637,-72.16321967579651,0.0022271714922049313,-0.02452770883235972,-0.019180470793373924,-0.023684686313505735,0.12174926411170969,,,147.48604144254222
2026-03-16,88.55,88.78,86.25,86.72,11733880,1020422472.77,7.4224,-3.6444,88.94,90.86999999999999,91.8155,92.05,80.6125,,,88.94,90.86999999999999,91.8155,92.05,80.6125,,,90.42904907478957,89.53472734413964,27.524893314367006,40.45481747456615,49.040892193308544,0.8943217306499349,2.2615619270768543,-2.734480392853839,0.8943217306499349,2.6061278173469953,-3.4236121733941207,98.41132475589913,91.8155,85.21967524410087,19.556356495292476,24.37065784742739,9.927753791022653,17.71321346353042,23.603184094148666,5.933272202293921,4.9860179542027065,-133.44028801367526,-89.10954516335681,-0.02496064762761411,-0.045669637944315965,-0.055497165511269896,-0.05790331341662139,0.07576368429213834,,,68.98705370979765
2026-03-17,86.41,87.17,85.04,85.24,8384425,721381752.01,5.3037,-1.7066,87.696,90.089,91.664,91.59500000000001,80.90516666666667,,,87.696,90.089,91.664,91.59500000000001,80.90516666666667,,,89.63073383251425,89.21659939272189,28.62426035502959,33.04102724710306,42.19886822958772,0.4141344397923632,1.8920764296199561,-2.955883979655186,0.4141344397923632,2.268898066953975,-3.7095272543232234,98.72547263603558,91.664,84.60252736396443,13.710353871479384,20.817223188778055,-0.5033847631179569,12.4123755051794,19.872914564492245,-2.508702613446289,4.466741962529486,-164.6197827329904,-98.18930041152264,-0.028005838350665974,-0.0538245512770705,-0.07008203875021826,-0.06938151645832215,0.05357919045137193,,,84.18635734835418
2026-03-18,85.25,85.59,83.02,84.49,8843352,741367497.61,5.594,-0.8799,86.604,89.088,91.259,91.36466666666666,81.15833333333333,,,86.604,89.088,91.259,91.36466666666666,81.15833333333333,,,88.83985170443513,88.86648091918693,24.801156905278404,21.2455516014235,43.85817509662242,-0.02662921475179303,1.5083353007456064,-3.069929030994799,-0.02662921475179303,1.9157400236146258,-3.8847384767328377,98.99387223042876,91.259,83.52412776957124,12.944583740406541,18.193010039320885,2.447731142577851,12.073366615856031,17.273065248280176,1.6739693510077416,4.121879787524126,-169.26708273323695,-88.60465116279072,-0.024409957969608844,-0.051611889367816084,-0.0741735061747335,-0.07524425926871807,0.04105144265324978,,,91.54164042119834
2026-03-19,83.0,83.3,80.4,80.91,13385826,1090816666.98,8.4674,-4.2372,85.47200000000001,87.94,90.637,90.795,81.25716666666666,,,85.47200000000001,87.94,90.637,90.795,81.25716666666666,,,87.61987451913743,88.27711196221013,21.572327044025172,24.79235880398673,45.54973821989528,-0.6572374430727024,1.0752207519819448,-3.4649163901092943,-0.6572374430727024,1.51989733643196,-4.3542695590093246,99.57156940911653,90.637,81.70243059088347,9.852744076338153,15.412921384993309,-1.2676105409721607,9.145685270785723,14.56393858911536,-1.6908213658735498,4.116083462519737,-192.18783469109977,-96.7096774193549,-0.053374204417821175,-0.07994086877416422,-0.10731820338272453,-0.10887163390054524,-0.004272443661379609,,,64.85880020869129
2026-03-20,80.5,82.27,79.42,81.01,10702736,867479172.39,6.7701,0.1236,83.674,86.737,90.05550000000001,90.262,81.48266666666667,,,83.674,86.737,90.05550000000001,90.262,81.48266666666667,,,86.60297074696244,87.73880737241679,27.971473851030197,20.325560932688134,45.96491228070177,-1.1358366254543455,0.6330092764946867,-3.5376918038980643,-1.1358366254543455,1.1113228807571438,-4.494319012422979,99.90788731422384,90.05550000000001,80.20311268577618,10.343424825820888,13.723089198602501,3.584096080257659,9.658951470846405,12.928942883025709,3.118968646487801,3.885886469334329,-169.56306236449288,-89.31451612903223,-0.031837846881946616,-0.06602718563012314,-0.10044361532610449,-0.10250160643460145,-0.005800824715276895,,,101.24283785140828
2026-03-23,79.0,80.17,76.0,76.26,12826821,999843911.37,8.1138,-5.8635,81.582,85.261,89.41850000000001,89.68466666666667,81.67616666666666,,,81.582,85.261,89.41850000000001,89.68466666666667,81.67616666666666,,,85.01174447819899,86.88852534483036,0.7173601147776907,18.210484824596023,39.83753596209174,-1.8767808666313641,0.13105124786947658,-4.015664229001682,-1.8767808666313641,0.6516146119281426,-5.056790957119014,101.04575160990356,89.41850000000001,77.79124839009646,7.391989211868385,11.612722536357797,-1.0494774371104398,6.935673641885396,10.931186469312273,-1.0553520129683562,4.090270747637179,-185.94747139506046,-98.51088201603663,-0.06523497830403752,-0.10556995578283143,-0.14715634907765174,-0.14968742334252602,-0.06631269423760895,,,54.64893309134678
2026-03-24,77.5,78.36,76.04,78.01,10954760,846779606.92,6.9296,2.2948,80.136,83.91600000000001,88.8915,89.35133333333333,81.90966666666667,,,80.136,83.91600000000001,88.8915,89.35133333333333,81.90966666666667,,,83.93455302001453,86.23085680076885,14.90733279613221,21.609369097091076,37.101910828025495,-2.2963037807543145,-0.3544197578552817,-3.8837680457980657,-2.2963037807543145,0.19808870536161072,-4.9887849722318505,101.59053978964361,88.8915,76.19246021035637,9.200951991585736,10.808799021433778,5.985257931889652,8.46112492505992,10.107832621228155,5.16770953272345,3.7684033389758724,-153.2862770190558,-88.48797250859103,-0.02652989917140849,-0.0703799037132371,-0.12241327910992603,-0.12692964850365962,-0.0476093582768008,,,125.46851839932975
2026-03-25,78.93,81.2,78.93,80.99,12618118,1014133498.67,7.9817,3.82,79.436,83.02000000000001,88.2715,88.88799999999999,82.1905,,,79.436,83.02000000000001,88.2715,88.88799999999999,82.1905,,,83.48154486308921,85.84264518589708,34.72322070452911,31.717098067808962,39.47906026557713,-2.3611003228078715,-0.7557558708457996,-3.2106889039241437,-2.3611003228078715,-0.19563268358754043,-4.330935278440662,101.25343769495886,88.2715,75.28956230504114,16.741961191669386,12.786519744845648,24.652844085316858,16.24874314731884,12.154802796591717,24.43662384877309,3.663239095525713,-100.32942397357078,-68.17602040816331,0.019562918575960368,-0.024451939291737113,-0.08248981834453938,-0.0888533885338853,-0.014606310948345675,,,145.4826524847993
2026-03-26,80.19,80.19,77.08,77.62,9648319,757898117.17,6.1032,-4.161,78.77799999999999,82.125,87.49749999999999,88.41533333333334,82.41033333333333,,,78.77799999999999,82.125,87.49749999999999,88.41533333333334,82.41033333333333,,,82.57976873030626,85.23356035731211,29.21960072595283,27.206851119894623,37.768729641693824,-2.653791627005859,-1.1353630220778115,-3.0368572098560946,-2.653791627005859,-0.573810982574974,-4.159961288861769,101.09842392372485,87.49749999999999,73.89657607627512,15.386659573788991,13.653233021160098,18.85351267904678,14.276372982566311,12.86199285858325,17.10513323053243,3.7081047145210375,-111.41729543805238,-89.66836734693875,-0.014699535403285018,-0.05485540334855398,-0.1128889396839908,-0.12209797697232001,-0.05812782377614445,,,65.37660957857025
