日期,开盘,收盘,最高,最低,成交量
2022-12-23,29.9,27.45,31.0,26.88,25182599.0
2022-12-26,27.5,27.81,28.43,25.66,12604257.0
2022-12-27,27.7,27.76,29.0,26.59,9255904.0
2022-12-28,27.59,26.94,29.27,26.81,8756802.0
2022-12-29,26.25,26.42,27.39,26.0,5274823.0
2022-12-30,26.8,25.08,27.0,24.65,7561968.0
2023-01-03,25.12,27.45,27.71,25.12,7629415.0
2023-01-04,27.17,26.48,27.9,26.13,4874127.0
2023-01-05,26.71,28.0,28.26,26.5,5854435.0
2023-01-06,27.87,27.81,29.2,27.66,5774981.0
2023-01-09,28.23,28.03,29.4,27.86,5113941.0
2023-01-10,28.08,29.09,29.75,27.9,5269667.0
2023-01-11,28.98,28.99,29.76,28.5,3179941.0
2023-01-12,29.2,29.22,29.56,28.0,4029728.0
2023-01-13,29.26,29.34,29.58,28.8,2237893.0
2023-01-16,29.31,29.84,30.88,28.62,3591271.0
2023-01-17,30.05,29.48,30.8,29.18,3715606.0
2023-01-18,29.5,31.02,31.03,29.14,4134464.0
2023-01-19,32.5,32.5,33.25,30.62,5269304.0
2023-01-20,32.25,31.2,33.26,30.83,4049111.0
2023-01-30,31.67,31.01,32.04,30.5,3668545.0
2023-01-31,31.09,32.0,32.69,30.88,4400122.0
2023-02-01,32.2,31.75,32.75,31.1,3836335.0
2023-02-02,33.01,38.1,38.1,32.6,9221062.0
2023-02-03,37.0,38.82,39.98,36.49,12755038.0
2023-02-06,38.48,36.6,39.66,36.1,7395739.0
2023-02-07,36.83,40.49,41.3,36.83,10607706.0
2023-02-08,39.49,38.48,39.6,37.88,7085327.0
2023-02-09,37.87,37.6,38.17,36.88,6440283.0
2023-02-10,37.5,37.12,38.0,36.37,4690789.0
2023-02-13,36.98,37.35,38.17,36.33,4653933.0
2023-02-14,37.01,38.36,38.5,36.58,5301810.0
2023-02-15,38.18,37.72,38.34,36.72,4389641.0
2023-02-16,37.2,35.42,38.13,35.3,5159162.0
2023-02-17,35.48,35.2,36.38,35.1,3341971.0
2023-02-20,35.2,35.04,35.76,34.0,3337998.0
2023-02-21,35.04,34.38,35.33,34.0,3262733.0
2023-02-22,34.2,34.57,35.0,33.92,2075792.0
2023-02-23,34.5,34.74,35.75,34.5,3151386.0
2023-02-24,35.0,35.09,35.47,34.75,2402849.0
2023-02-27,34.81,33.6,35.55,33.4,4341069.0
2023-02-28,33.8,33.42,34.56,32.9,5071086.0
2023-03-01,33.43,33.45,33.88,33.03,2831585.0
2023-03-02,33.46,32.21,33.66,31.97,3769361.0
2023-03-03,32.48,32.26,33.35,32.04,2536961.0
2023-03-06,32.66,33.87,34.48,31.78,5115161.0
2023-03-07,33.69,32.35,33.7,32.3,3152967.0
2023-03-08,32.35,32.81,33.4,32.25,2022044.0
2023-03-09,32.81,33.6,34.36,32.49,4259419.0
2023-03-10,34.0,34.99,35.88,33.8,6623004.0
2023-03-13,34.38,34.15,35.1,33.42,4031444.0
2023-03-14,34.26,33.97,34.26,32.42,4053637.0
2023-03-15,34.54,34.13,35.97,33.8,4605030.0
2023-03-16,33.51,32.47,34.7,32.06,4084356.0
2023-03-17,32.0,31.81,32.71,31.1,4293536.0
2023-03-20,31.72,32.77,33.2,30.48,4612889.0
2023-03-21,32.52,33.11,33.25,32.04,2354334.0
2023-03-22,32.89,32.7,33.86,32.45,2661916.0
2023-03-23,32.99,33.38,33.6,32.5,2667445.0
2023-03-24,33.68,33.95,34.98,33.2,4477590.0
2023-03-27,33.58,35.07,35.27,33.33,4228167.0
2023-03-28,34.6,34.51,35.33,34.38,2808860.0
2023-03-29,34.34,35.62,36.78,34.34,5245067.0
2023-03-30,35.76,35.43,37.48,35.41,5569261.0
2023-03-31,35.1,35.49,36.37,35.0,2871903.0
2023-04-03,35.8,36.36,36.89,35.6,3790851.0
2023-04-04,36.3,35.76,36.6,35.22,4011315.0
2023-04-06,35.77,38.09,39.16,35.5,5983053.0
2023-04-07,37.5,38.3,38.55,37.11,3767723.0
2023-04-10,38.0,37.6,39.08,36.91,3178489.0
2023-04-11,37.65,39.38,39.7,37.0,4463115.0
2023-04-12,39.28,46.52,47.25,39.28,8538334.0
2023-04-13,45.01,45.02,46.7,44.2,5258375.0
2023-04-14,45.66,53.66,54.01,44.6,8870554.0
2023-04-17,53.9,53.41,59.83,51.65,9605008.0
2023-04-18,52.28,49.43,53.0,48.48,7180266.0
2023-04-19,49.93,49.66,51.66,49.31,5834614.0
2023-04-20,48.06,52.5,54.18,48.0,7204141.0
2023-04-21,51.7,49.1,51.8,48.6,4297331.0
2023-04-24,47.7,51.99,53.3,47.0,5350665.0
2023-04-25,51.74,54.28,55.49,49.34,7298539.0
2023-04-26,52.56,50.16,52.56,47.56,5753128.0
2023-04-27,50.8,52.0,53.73,48.68,4410380.0
2023-04-28,51.44,53.04,55.98,50.52,4098551.0
2023-05-04,51.56,49.7,52.43,48.86,4010156.0
2023-05-05,48.58,48.5,50.1,47.7,3339747.0
2023-05-08,47.85,46.0,48.88,45.9,3936789.0
2023-05-09,45.22,45.35,47.1,44.22,2800874.0
2023-05-10,45.0,44.61,45.6,43.87,1663196.0
2023-05-11,45.5,45.15,46.5,44.63,1835087.0
2023-05-12,44.8,43.68,47.2,43.5,3249498.0
2023-05-15,43.11,43.41,45.15,43.0,2179760.0
2023-05-16,43.1,44.74,45.9,42.0,3155809.0
2023-05-17,44.38,46.4,47.85,44.11,3383434.0
2023-05-18,46.72,46.09,47.25,45.67,1592569.0
2023-05-19,46.46,45.98,47.5,45.51,1494928.0
2023-05-22,46.88,45.51,46.93,44.38,1832882.0
2023-05-23,45.12,44.44,45.5,44.3,1042586.0
2023-05-24,44.43,46.04,46.72,44.29,1711963.0
2023-05-25,45.99,48.5,50.16,45.51,3472031.0
2023-05-26,48.0,49.05,49.8,47.2,2767155.0
2023-05-29,48.54,49.21,50.86,48.45,2174593.0
2023-05-30,49.0,48.34,49.8,47.99,1676646.0
2023-05-31,48.36,48.85,49.8,47.89,1661734.0
2023-06-01,48.82,47.92,50.0,47.62,1406576.0
2023-06-02,48.01,51.1,52.95,47.04,3163953.0
2023-06-05,51.09,53.94,55.07,50.8,3250081.0
2023-06-06,53.39,52.43,53.58,50.78,2829495.0
2023-06-07,52.45,54.8,54.86,51.72,1874137.0
2023-06-08,54.48,51.2,54.48,51.2,1695246.0
2023-06-09,51.87,50.79,52.48,50.3,1289305.0
2023-06-12,51.4,49.66,52.0,49.25,1560911.0
2023-06-13,49.97,50.5,51.43,49.06,1183590.0
2023-06-14,51.3,52.27,52.85,50.46,1937976.0
2023-06-15,52.26,51.0,52.55,50.28,1242902.0
2023-06-16,50.96,54.19,56.8,50.46,2434378.0
2023-06-19,54.58,54.79,55.0,53.31,1707613.0
2023-06-20,55.0,53.5,55.19,53.23,1096834.0
2023-06-21,53.53,50.8,54.69,50.75,1373611.0
2023-06-26,50.11,49.09,50.68,48.03,2410258.0
2023-06-27,49.92,48.82,50.43,48.34,1091972.0
2023-06-28,48.82,51.0,51.94,47.78,1639035.0
2023-06-29,51.1,51.59,52.49,50.01,1248701.0
2023-06-30,52.0,52.78,53.0,50.55,1649282.0
2023-07-03,55.0,53.51,55.88,53.5,2330431.0
2023-07-04,53.53,61.98,63.29,53.53,3967064.0
2023-07-05,60.58,54.99,61.47,54.5,4638722.0
2023-07-06,54.72,54.95,55.8,53.42,2461580.0
2023-07-07,54.37,53.53,55.4,52.31,1632789.0
2023-07-10,53.55,52.51,53.95,52.15,1137704.0
2023-07-11,52.74,52.98,53.47,51.0,1609764.0
2023-07-12,52.56,51.38,53.14,51.05,1294130.0
2023-07-13,51.5,53.19,54.0,50.18,2444936.0
2023-07-14,53.2,53.16,54.77,52.95,1686395.0
2023-07-17,53.31,51.35,53.41,50.87,1495862.0
2023-07-18,51.7,49.66,52.6,49.48,1444662.0
2023-07-19,51.2,54.05,55.2,51.08,3869673.0
2023-07-20,54.58,54.99,55.8,53.01,2465782.0
2023-07-21,54.87,51.5,55.19,51.21,1914407.0
2023-07-24,51.34,50.65,51.9,50.11,1172642.0
2023-07-25,51.04,50.73,51.99,50.18,881048.0
2023-07-26,50.77,50.6,51.68,49.59,914676.0
2023-07-27,50.16,48.23,51.4,48.22,1078592.0
2023-07-28,48.23,46.7,49.44,46.11,2182433.0
2023-07-31,46.6,47.14,47.95,46.34,1309578.0
2023-08-01,47.14,46.99,48.8,46.2,1471090.0
2023-08-02,46.57,47.62,48.65,46.57,1668066.0
2023-08-03,47.29,48.69,49.35,46.9,1434619.0
2023-08-04,48.6,49.65,50.17,48.5,1191379.0
2023-08-07,50.31,48.75,50.9,48.3,927353.0
2023-08-08,49.03,48.48,49.68,48.28,743237.0
2023-08-09,48.03,48.95,49.68,48.03,905752.0
2023-08-10,49.5,50.06,51.17,48.62,1145876.0
2023-08-11,50.51,48.98,50.68,48.5,779597.0
2023-08-14,48.72,48.87,49.54,48.0,639575.0
2023-08-15,48.87,47.7,49.35,46.64,1072296.0
2023-08-16,47.6,46.45,48.08,46.25,669895.0
2023-08-17,46.04,46.36,47.17,45.2,1059480.0
2023-08-18,46.4,45.71,47.17,45.61,690994.0
2023-08-21,45.22,44.98,46.31,44.6,940826.0
2023-08-22,45.23,45.39,46.09,43.7,1149426.0
2023-08-23,44.99,43.37,45.11,43.0,1156644.0
2023-08-24,42.84,44.4,45.67,42.5,1772274.0
2023-08-25,44.0,42.35,44.58,42.17,1307982.0
2023-08-28,46.0,41.93,46.46,41.57,1414591.0
2023-08-29,41.53,46.7,47.3,41.41,2374896.0
2023-08-30,46.8,48.58,49.21,46.8,1593869.0
2023-08-31,49.17,49.23,50.13,48.2,2043493.0
2023-09-01,49.59,49.28,50.65,48.71,1996921.0
2023-09-04,49.49,47.97,49.69,47.5,1709612.0
2023-09-05,48.0,50.42,51.35,47.88,2541875.0
2023-09-06,49.64,51.06,51.49,49.02,2574037.0
2023-09-07,50.35,48.61,50.83,48.47,1432012.0
2023-09-08,48.48,48.55,49.14,47.55,1652772.0
2023-09-11,48.36,47.88,49.37,47.6,1957719.0
2023-09-12,48.36,47.12,48.57,46.81,2196183.0
2023-09-13,47.12,46.01,47.2,45.22,1571286.0
2023-09-14,45.38,44.87,46.2,44.67,895763.0
2023-09-15,45.15,44.99,46.31,44.07,1527834.0
2023-09-18,44.9,44.35,45.85,44.2,1226560.0
2023-09-19,44.58,43.8,44.87,43.5,1007890.0
2023-09-20,43.32,43.01,44.33,42.94,803585.0
2023-09-21,43.1,42.7,43.59,42.55,866762.0
2023-09-22,42.5,43.47,43.68,42.18,1450271.0
2023-09-25,43.37,43.47,43.89,42.67,1106962.0
2023-09-26,43.47,42.61,43.73,42.55,877220.0
2023-09-27,42.4,43.01,43.9,42.12,1064169.0
2023-09-28,43.03,44.53,45.0,42.8,1624318.0
2023-10-09,44.46,43.78,44.78,43.51,1279900.0
2023-10-10,43.8,42.89,44.8,42.88,1171014.0
2023-10-11,43.74,43.94,44.65,42.9,1541357.0
2023-10-12,43.94,44.83,45.0,42.86,1937225.0
2023-10-13,44.32,44.54,45.85,43.83,2405030.0
2023-10-16,44.4,42.39,44.55,42.01,1768744.0
2023-10-17,42.77,42.34,42.88,41.07,1605652.0
2023-10-18,42.4,40.43,42.43,40.25,1451693.0
2023-10-19,41.5,42.7,43.78,41.38,2361600.0
2023-10-20,42.21,41.2,43.17,41.02,1671073.0
2023-10-23,40.93,39.22,41.39,39.05,1369586.0
2023-10-24,39.09,41.04,42.75,38.97,1813880.0
2023-10-25,41.36,41.01,41.68,40.59,1112932.0
2023-10-26,41.2,40.35,41.34,39.86,1605796.0
2023-10-27,40.63,43.19,43.9,39.77,2852866.0
2023-10-30,43.15,43.26,43.5,41.41,2090334.0
2023-10-31,44.04,41.43,44.9,40.8,3035292.0
2023-11-01,41.32,40.56,41.99,40.18,1711715.0
2023-11-02,40.72,39.88,41.12,39.88,1282028.0
2023-11-03,40.0,40.88,41.18,39.82,1674781.0
2023-11-06,41.2,42.26,42.57,40.98,2174046.0
2023-11-07,42.43,42.9,43.39,41.41,1874878.0
2023-11-08,42.89,43.46,44.27,42.67,2212691.0
2023-11-09,43.44,43.18,44.0,42.83,1658854.0
2023-11-10,43.43,43.21,44.27,42.89,1372555.0
2023-11-13,43.51,43.39,44.24,42.6,1524267.0
2023-11-14,43.6,43.8,44.54,42.65,1408881.0
2023-11-15,44.1,43.07,44.47,42.82,1732068.0
2023-11-16,42.66,41.59,43.3,41.3,1461828.0
2023-11-17,41.3,43.01,43.38,41.3,2032309.0
2023-11-20,43.44,44.08,44.58,42.97,2188536.0
2023-11-21,43.8,42.4,44.08,42.21,1850483.0
2023-11-22,42.5,41.35,43.1,41.29,1343669.0
2023-11-23,41.25,41.65,42.25,40.71,1480432.0
2023-11-24,41.69,40.2,41.69,40.1,1342493.0
2023-11-27,40.0,40.61,41.12,40.0,1323261.0
2023-11-28,40.32,40.65,41.21,40.3,890677.0
2023-11-29,40.6,42.94,43.18,40.52,3221297.0
2023-11-30,42.61,40.52,42.61,39.59,2636918.0
2023-12-01,39.99,39.51,40.47,39.18,1559698.0
2023-12-04,39.59,38.66,39.99,38.23,1686510.0
2023-12-05,38.42,37.33,38.97,37.0,1396312.0
2023-12-06,37.34,37.78,38.13,37.02,1443592.0
2023-12-07,37.97,36.96,38.18,36.89,1107182.0
2023-12-08,36.88,37.15,37.62,36.8,1046717.0
2023-12-11,37.0,39.0,39.15,36.76,2034050.0
2023-12-12,39.0,39.02,39.25,38.02,1334902.0
2023-12-13,38.5,38.44,38.98,38.18,850362.0
2023-12-14,38.94,38.08,39.0,38.08,527805.0
2023-12-15,38.15,38.48,38.68,38.08,759559.0
2023-12-18,38.3,37.12,38.37,36.98,935761.0
2023-12-19,37.15,37.45,37.77,36.52,1016305.0
2023-12-20,37.07,36.94,37.87,36.9,663982.0
2023-12-21,36.81,37.74,37.8,36.17,1475521.0
2023-12-22,37.48,36.18,37.54,36.03,1829847.0
2023-12-25,36.23,38.27,39.23,36.23,3536491.0
2023-12-26,38.08,36.2,38.08,36.03,2621033.0
2023-12-27,36.47,38.1,38.66,36.21,4255964.0
2023-12-28,38.26,39.9,39.93,37.69,4233027.0
2023-12-29,39.8,38.99,39.8,38.61,2883784.0
2024-01-02,38.9,37.97,39.09,37.75,2612106.0
2024-01-03,37.76,37.75,38.33,37.0,1651928.0
2024-01-04,37.99,36.58,37.99,36.5,1458893.0
2024-01-05,36.68,35.58,36.72,35.23,1560541.0
2024-01-08,35.0,34.5,35.5,34.5,1138631.0
2024-01-09,34.4,35.32,35.59,34.0,2000906.0
2024-01-10,35.4,34.74,35.81,34.42,1679861.0
2024-01-11,34.88,35.31,35.62,34.61,1308886.0
2024-01-12,35.25,35.56,36.75,34.94,1729961.0
2024-01-15,35.3,35.06,35.89,34.7,968074.0
2024-01-16,34.9,35.53,36.02,34.64,1636721.0
2024-01-17,35.28,34.01,35.55,33.95,1308525.0
2024-01-18,33.88,34.07,34.27,33.22,1511213.0
2024-01-19,34.08,33.82,34.68,33.2,1321824.0
2024-01-22,34.0,31.61,34.0,31.58,1746239.0
2024-01-23,31.61,32.94,33.0,31.05,1575098.0
2024-01-24,33.03,31.94,33.27,30.78,1582142.0
2024-01-25,31.8,33.11,33.35,31.34,1316129.0
2024-01-26,36.1,35.13,36.31,34.99,3524349.0
2024-01-29,35.01,33.73,35.78,33.73,2652764.0
2024-01-30,33.8,33.49,35.19,33.1,2853525.0
2024-01-31,33.24,31.54,33.48,31.5,2412472.0
2024-02-01,31.4,33.0,33.7,30.95,3215323.0
2024-02-02,32.98,33.0,33.15,30.3,2828355.0
2024-02-05,32.25,30.97,32.49,29.3,3269693.0
2024-02-06,30.61,32.7,33.3,29.01,2867096.0
2024-02-07,32.8,32.7,33.99,32.0,3225890.0
2024-02-08,32.87,34.43,35.98,32.85,3155974.0
2024-02-19,34.51,35.18,35.5,34.51,2362469.0
2024-02-20,35.18,35.38,35.46,34.34,1874622.0
2024-02-21,34.98,35.39,36.4,34.62,2507080.0
2024-02-22,35.01,35.41,35.88,34.6,2098440.0
2024-02-23,35.4,36.08,36.55,34.98,2515834.0
2024-02-26,35.95,36.8,37.38,35.71,2977891.0
2024-02-27,36.82,38.0,38.0,36.06,2400741.0
2024-02-28,37.67,35.12,38.98,35.07,3047949.0
2024-02-29,35.09,37.58,38.3,35.02,3569397.0
2024-03-01,37.77,38.0,38.18,37.08,2490223.0
2024-03-04,37.89,37.26,37.89,36.36,2635699.0
2024-03-05,36.88,36.86,37.68,36.03,2316624.0
2024-03-06,36.75,36.84,37.72,35.35,2323130.0
2024-03-07,37.0,36.0,37.67,36.0,1871185.0
2024-03-08,36.0,37.6,37.89,36.0,2282436.0
2024-03-11,37.5,38.79,39.0,37.5,3480843.0
2024-03-12,39.0,38.5,39.07,37.88,2967495.0
2024-03-13,38.66,38.05,38.66,37.61,2475279.0
2024-03-14,38.0,37.35,38.28,36.62,2611111.0
2024-03-15,37.01,36.66,37.01,35.78,3073744.0
2024-03-18,37.61,38.02,38.09,37.14,3345785.0
2024-03-19,37.74,37.7,38.42,37.58,2236848.0
2024-03-20,37.6,38.06,38.51,37.04,2145020.0
2024-03-21,38.4,37.89,39.59,37.21,2839217.0
2024-03-22,37.51,37.5,38.6,37.06,2605683.0
2024-03-25,37.13,37.9,39.75,36.83,4258405.0
2024-03-26,37.83,38.63,39.04,37.4,3683563.0
2024-03-27,38.14,36.91,38.5,36.74,2967865.0
2024-03-28,36.2,36.45,37.24,36.17,2418739.0
2024-03-29,36.5,36.08,36.78,34.79,2939335.0
2024-04-01,36.0,36.66,36.9,35.47,2389413.0
2024-04-02,36.66,36.09,36.66,35.62,1677977.0
2024-04-03,36.08,35.36,36.28,35.2,1189666.0
2024-04-08,35.2,33.38,35.31,33.04,3052585.0
2024-04-09,33.57,33.63,33.98,33.31,1484201.0
2024-04-10,33.73,32.76,33.73,32.5,1405186.0
2024-04-11,32.58,32.8,33.58,32.41,1080095.0
2024-04-12,32.7,32.53,33.01,32.12,1228272.0
2024-04-15,32.8,32.38,33.5,31.61,2083697.0
2024-04-16,32.17,30.4,32.35,30.35,1796133.0
2024-04-17,30.86,31.45,31.86,30.62,2545646.0
2024-04-18,31.46,30.93,31.78,30.62,1648393.0
2024-04-19,30.95,30.46,31.01,30.05,1370529.0
2024-04-22,30.23,30.64,31.18,29.7,1728371.0
2024-04-23,30.8,30.7,31.14,30.35,1129328.0
2024-04-24,30.75,31.09,31.14,30.42,1377901.0
2024-04-25,31.24,31.42,31.9,30.44,1833564.0
2024-04-26,31.7,32.5,32.95,31.4,2570735.0
2024-04-29,31.92,32.54,33.17,31.71,3281652.0
2024-04-30,32.6,31.66,32.75,31.63,2319291.0
2024-05-06,32.12,32.71,32.96,32.03,2624756.0
2024-05-07,32.9,32.29,32.9,32.0,1800145.0
2024-05-08,32.34,30.9,32.36,30.85,2160791.0
2024-05-09,31.1,31.79,31.95,31.0,1953522.0
2024-05-10,31.6,30.41,31.88,30.2,2366434.0
2024-05-13,24.33,28.68,30.35,24.33,3648558.0
2024-05-14,28.75,28.24,29.26,28.2,1826622.0
2024-05-15,28.5,28.71,29.04,28.15,1798666.0
2024-05-16,28.89,28.95,29.31,28.6,1325653.0
2024-05-17,28.92,29.4,29.4,28.6,987576.0
2024-05-20,29.37,29.71,30.22,29.12,1517272.0
2024-05-21,29.53,29.37,29.63,29.0,1035911.0
2024-05-22,29.96,30.02,30.08,29.25,1305651.0
2024-05-23,29.72,29.41,29.95,29.28,998524.0
2024-05-24,29.54,28.49,29.64,28.44,1149685.0
2024-05-27,28.9,29.08,29.1,27.62,1263578.0
2024-05-28,29.54,29.23,30.0,29.11,1470507.0
2024-05-29,29.23,29.53,30.2,29.14,1456828.0
2024-05-30,30.1,30.05,30.4,29.22,1496873.0
2024-05-31,30.06,30.23,30.69,29.8,1580321.0
2024-06-03,31.2,30.32,31.4,29.9,2646428.0
2024-06-04,30.55,30.21,30.56,29.5,1467062.0
2024-06-05,29.96,30.26,30.65,29.96,1267538.0
2024-06-06,30.54,29.7,30.85,29.51,1676370.0
2024-06-07,29.78,29.24,30.02,29.01,1464436.0
2024-06-11,29.65,30.7,30.83,29.05,2454516.0
2024-06-12,32.66,31.15,32.99,30.88,4167839.0
2024-06-13,31.87,31.41,32.45,31.15,4779557.0
2024-06-14,31.39,29.5,32.11,29.38,7045925.0
2024-06-17,29.51,29.26,29.95,29.01,2887900.0
2024-06-18,29.45,29.54,30.3,29.27,2039837.0
2024-06-19,29.73,28.49,29.89,28.18,2466252.0
2024-06-20,28.45,28.57,29.67,28.2,2451961.0
2024-06-21,28.38,27.87,28.57,27.46,1829304.0
2024-06-24,28.0,26.44,28.0,26.42,1985996.0
2024-06-25,26.38,25.74,26.73,25.55,2101724.0
2024-06-26,25.75,26.24,26.35,25.3,1646365.0
2024-06-27,26.14,25.25,26.26,25.21,1499903.0
2024-06-28,25.25,24.9,25.65,24.84,1751998.0
2024-07-01,24.89,24.39,25.05,23.79,2451918.0
2024-07-02,24.51,23.5,24.68,23.34,2416443.0
2024-07-03,23.45,23.6,23.93,23.17,1564809.0
2024-07-04,23.69,22.77,23.69,22.71,1492435.0
2024-07-05,22.78,23.1,23.22,22.26,1704807.0
2024-07-08,23.29,22.65,23.29,22.4,1650592.0
2024-07-09,22.66,23.17,23.31,22.11,2286132.0
2024-07-10,23.12,22.92,23.37,22.66,1970296.0
2024-07-11,23.3,24.0,24.13,23.01,2191637.0
2024-07-12,24.1,23.9,24.1,23.47,1513002.0
2024-07-15,23.8,23.26,24.13,23.18,1415350.0
2024-07-16,23.01,23.42,23.66,22.83,1615766.0
2024-07-17,24.0,26.54,27.66,24.0,6051742.0
2024-07-18,25.8,27.44,27.53,24.74,6239287.0
2024-07-19,26.91,26.6,27.56,26.51,4303165.0
2024-07-22,26.27,26.39,27.0,26.02,2889825.0
2024-07-23,26.53,24.9,26.53,24.83,2883062.0
2024-07-24,24.72,24.08,25.09,23.88,2308952.0
2024-07-25,24.06,24.37,24.75,23.7,2378460.0
2024-07-26,24.29,24.29,24.66,24.02,1907732.0
2024-07-29,24.33,23.55,24.44,23.5,1691673.0
2024-07-30,23.39,23.52,24.09,23.15,1402365.0
2024-07-31,23.55,25.09,25.12,23.19,2588018.0
2024-08-01,25.13,25.34,25.96,24.66,2447816.0
2024-08-02,25.04,24.34,25.36,24.28,1475283.0
2024-08-05,24.02,23.01,24.59,23.0,2105375.0
2024-08-06,23.33,23.8,24.02,23.33,1671075.0
2024-08-07,23.7,23.84,24.25,23.5,1485172.0
2024-08-08,23.65,23.73,24.45,23.21,1775961.0
2024-08-09,23.91,23.31,24.37,23.3,1284534.0
2024-08-12,23.2,23.1,23.53,22.97,1288572.0
2024-08-13,23.18,23.22,23.24,22.55,1335523.0
2024-08-14,23.22,22.7,23.32,22.7,1009132.0
2024-08-15,22.6,22.68,23.38,22.33,1763361.0
2024-08-16,22.68,22.18,22.83,22.12,1507650.0
2024-08-19,22.21,21.63,22.55,21.6,1972384.0
2024-08-20,21.8,21.11,21.8,21.03,1256980.0
2024-08-21,21.12,21.08,21.34,20.99,911594.0
2024-08-22,21.2,20.67,21.26,20.61,1075171.0
2024-08-23,20.59,20.71,20.98,20.5,980011.0
2024-08-26,20.56,21.1,21.43,20.52,1237401.0
2024-08-27,21.4,20.82,21.4,20.71,1021465.0
2024-08-28,20.65,20.86,21.16,20.55,1042930.0
2024-08-29,20.8,21.48,21.64,20.72,1876617.0
2024-08-30,20.95,21.23,21.65,20.59,4203809.0
2024-09-02,21.57,21.16,23.23,21.14,3755679.0
2024-09-03,21.08,21.26,21.73,20.7,2704201.0
2024-09-04,20.98,21.0,21.45,20.78,1477934.0
2024-09-05,21.0,20.96,21.42,20.81,1330345.0
2024-09-06,20.9,19.58,21.12,19.54,2973056.0
2024-09-09,19.06,19.36,19.69,19.0,1887851.0
2024-09-10,19.26,19.47,19.65,18.94,1774422.0
2024-09-11,19.47,19.76,19.92,19.25,1526874.0
2024-09-12,19.76,19.8,20.46,19.76,1672191.0
2024-09-13,19.93,19.03,19.93,19.0,1602753.0
2024-09-18,18.99,18.74,19.09,18.56,1242033.0
2024-09-19,18.74,19.23,19.44,18.62,1723488.0
2024-09-20,19.31,18.63,19.31,18.44,1251401.0
2024-09-23,18.5,18.4,18.82,18.35,1283686.0
2024-09-24,18.5,19.93,19.98,18.4,2787849.0
2024-09-25,20.29,19.61,20.56,19.61,2956657.0
2024-09-26,19.81,20.49,20.49,19.5,2470146.0
2024-09-27,20.82,22.14,22.34,20.82,2292746.0
2024-09-30,23.58,26.55,26.56,23.0,6451725.0
2024-10-08,31.71,31.85,31.86,29.2,9544474.0
2024-10-09,30.6,27.87,31.86,27.87,7399985.0
2024-10-10,28.66,26.4,28.9,26.37,5158767.0
2024-10-11,26.39,24.52,26.67,24.3,3917092.0
2024-10-14,24.64,26.12,26.67,23.75,4639248.0
2024-10-15,26.99,26.38,28.0,26.34,6173048.0
2024-10-16,26.13,25.31,26.28,25.1,4174295.0
2024-10-17,25.42,24.95,25.99,24.89,3129891.0
2024-10-18,24.87,27.15,28.35,24.7,6689672.0
2024-10-21,27.96,27.22,28.5,26.88,7454459.0
2024-10-22,26.98,27.01,27.37,26.26,4833892.0
2024-10-23,26.85,27.49,28.1,26.52,6044657.0
2024-10-24,27.0,26.53,27.45,26.37,3869605.0
2024-10-25,26.43,28.17,28.72,26.43,8168474.0
2024-10-28,28.12,27.33,28.12,26.8,5921745.0
2024-10-29,27.6,26.15,27.98,26.12,5139203.0
2024-10-30,26.4,25.94,26.84,25.44,4076492.0
2024-10-31,26.56,27.24,27.49,26.14,6552821.0
2024-11-01,27.29,25.71,27.33,25.63,5114975.0
2024-11-04,25.65,26.49,26.77,25.5,3096791.0
2024-11-05,26.5,27.55,27.76,26.0,5126634.0
2024-11-06,27.84,27.37,28.32,26.78,7013681.0
2024-11-07,27.1,27.78,27.83,26.9,5224661.0
2024-11-08,28.39,28.23,29.7,27.99,9816618.0
2024-11-11,29.18,33.88,33.88,29.1,16761322.0
2024-11-12,35.97,33.38,36.07,33.0,18788666.0
2024-11-13,33.58,32.26,33.6,31.35,10556239.0
2024-11-14,32.4,30.5,33.02,30.41,7187876.0
2024-11-15,30.7,30.33,31.69,30.1,6786549.0
2024-11-18,30.33,28.3,30.83,27.75,7635667.0
2024-11-19,28.29,29.71,29.85,28.29,5456693.0
2024-11-20,29.58,29.67,29.93,29.01,5310137.0
2024-11-21,30.03,30.45,31.23,29.93,7129019.0
2024-11-22,30.1,28.55,30.42,28.54,5304425.0
2024-11-25,29.12,29.61,30.33,28.91,6472999.0
2024-11-26,29.32,28.52,30.12,28.28,5039627.0
2024-11-27,28.34,28.9,29.05,27.09,4952085.0
2024-11-28,28.6,28.88,29.77,28.54,4524580.0
2024-11-29,28.81,29.81,30.27,28.0,5886375.0
2024-12-02,29.8,29.96,30.17,29.36,4854633.0
2024-12-03,29.97,29.85,30.79,29.49,5566373.0
2024-12-04,30.34,29.51,30.83,29.4,4609371.0
2024-12-05,29.65,30.01,30.55,29.32,4317418.0
2024-12-06,29.93,30.6,30.76,29.04,6293913.0
2024-12-09,30.43,29.85,30.6,29.53,3604470.0
2024-12-10,31.01,30.21,31.2,30.0,5149169.0
2024-12-11,30.12,30.2,30.57,29.9,3897115.0
2024-12-12,30.3,30.02,30.33,29.68,3424464.0
2024-12-13,29.8,28.89,29.99,28.81,4985070.0
2024-12-16,28.85,28.1,28.92,27.77,3795345.0
2024-12-17,28.19,27.7,28.19,27.4,2420861.0
2024-12-18,27.92,27.94,28.36,27.67,2186511.0
2024-12-19,27.71,26.92,28.0,26.71,4121606.0
2024-12-20,26.87,27.76,28.25,26.76,3957712.0
2024-12-23,27.92,26.97,27.98,26.85,2861304.0
2024-12-24,27.34,27.76,27.77,26.88,2450678.0
2024-12-25,27.6,27.0,27.68,26.83,2359109.0
2024-12-26,27.01,27.08,27.3,26.91,2066912.0
2024-12-27,27.16,29.37,30.0,26.58,9240982.0
2024-12-30,28.43,28.57,28.75,27.6,6577454.0
2024-12-31,28.42,26.89,28.42,26.88,4124647.0
2025-01-02,26.99,25.22,27.15,24.99,4073563.0
2025-01-03,25.17,25.68,26.26,24.98,4339976.0
2025-01-06,25.94,25.51,26.26,25.0,3102518.0
2025-01-07,25.05,25.29,25.68,24.67,2715757.0
2025-01-08,25.33,24.67,25.65,23.93,3408864.0
2025-01-09,24.57,24.68,25.15,24.57,2181805.0
2025-01-10,24.62,23.63,25.28,23.6,2789893.0
2025-01-13,23.45,23.98,24.1,23.18,2300110.0
2025-01-14,24.14,25.29,25.4,23.8,3192023.0
2025-01-15,25.36,25.1,25.42,24.85,2478208.0
2025-01-16,25.3,25.58,26.83,25.3,4173967.0
2025-01-17,25.56,25.7,26.13,25.0,2834536.0
2025-01-20,25.7,25.69,26.19,25.54,2808810.0
2025-01-21,25.8,25.65,25.88,25.13,2281786.0
2025-01-22,25.49,24.95,25.63,24.62,2749002.0
2025-01-23,25.17,25.1,25.7,25.01,2764407.0
2025-01-24,25.11,25.63,25.74,24.84,2685144.0
2025-01-27,25.7,24.66,25.85,24.66,2264654.0
2025-02-05,25.0,24.8,25.28,24.79,2192507.0
2025-02-06,24.79,26.36,26.6,24.57,4525543.0
2025-02-07,26.4,26.52,27.0,26.21,4059166.0
2025-02-10,26.6,27.04,27.16,26.22,3656607.0
2025-02-11,27.05,26.5,27.05,26.31,2570787.0
2025-02-12,26.49,27.33,27.39,26.3,3635029.0
2025-02-13,27.36,26.66,27.4,26.61,3040669.0
2025-02-14,26.61,26.58,27.09,26.42,2630120.0
2025-02-17,26.5,26.74,27.02,26.32,3314315.0
2025-02-18,26.71,27.32,28.28,26.56,7284026.0
2025-02-19,26.85,28.13,28.49,26.85,5537534.0
2025-02-20,28.0,27.74,28.09,27.38,4317818.0
2025-02-21,27.72,29.0,30.19,27.4,7986001.0
2025-02-24,29.0,29.46,29.87,28.37,6581936.0
2025-02-25,29.97,31.44,32.28,29.97,14701291.0
2025-02-26,31.98,31.22,32.49,30.51,8035191.0
2025-02-27,30.99,29.86,31.41,29.07,8874970.0
2025-02-28,29.86,28.21,29.99,28.18,6868058.0
2025-03-03,28.29,29.65,30.67,28.09,8925675.0
2025-03-04,29.27,31.32,31.85,28.9,10363880.0
2025-03-05,30.44,30.16,30.7,29.6,7323877.0
2025-03-06,30.5,31.99,32.65,30.4,13872349.0
2025-03-07,31.5,31.52,31.96,30.76,8085142.0
2025-03-10,31.3,32.03,32.5,31.12,8549385.0
2025-03-11,31.36,31.11,31.77,30.18,6685629.0
2025-03-12,31.08,30.76,31.26,30.53,4145354.0
2025-03-13,30.79,29.52,30.79,29.25,4557356.0
2025-03-14,29.8,30.02,30.15,29.51,3875927.0
2025-03-17,30.43,32.0,32.12,30.43,8092581.0
2025-03-18,32.01,32.25,32.95,31.52,7655097.0
2025-03-19,32.25,32.94,33.33,31.68,8377306.0
2025-03-20,32.92,31.1,32.92,31.06,7186050.0
2025-03-21,30.84,30.72,31.33,29.98,5397614.0
2025-03-24,30.67,32.36,33.22,30.32,8852758.0
2025-03-25,32.13,31.55,33.33,31.32,4843601.0
2025-03-26,31.6,32.96,33.38,31.35,7319294.0
2025-03-27,32.5,32.53,33.48,32.21,5127253.0
2025-03-28,32.55,32.08,33.16,31.47,5618821.0
2025-03-31,31.9,31.08,32.01,30.6,3789911.0
2025-04-01,31.42,30.46,32.46,30.41,4441751.0
2025-04-02,30.5,30.44,31.06,30.22,2678294.0
2025-04-03,30.0,29.83,31.18,29.55,3495122.0
2025-04-07,28.01,25.66,28.89,24.81,5795840.0
2025-04-08,26.29,26.66,27.36,26.17,4891941.0
2025-04-09,26.51,28.53,28.99,25.12,5649400.0
2025-04-10,29.02,28.78,29.84,28.5,4375046.0
2025-04-11,28.56,29.44,30.26,28.46,4448631.0
2025-04-14,29.97,29.7,30.2,29.52,3606059.0
2025-04-15,29.8,29.45,29.9,29.05,2185994.0
2025-04-16,29.2,29.13,29.63,28.63,2001163.0
2025-04-17,28.81,29.15,29.77,28.81,1713130.0
2025-04-18,29.15,28.76,29.42,28.42,1526019.0
2025-04-21,28.75,28.89,29.04,28.45,1076816.0
2025-04-22,28.8,29.24,29.8,28.5,2377147.0
2025-04-23,29.65,29.04,29.66,28.7,2003806.0
2025-04-24,29.08,28.6,29.1,28.46,1489373.0
2025-04-25,28.67,28.68,29.0,28.11,1765741.0
2025-04-28,28.28,28.02,28.5,27.7,2058760.0
2025-04-29,30.0,31.32,31.56,29.48,8570553.0
2025-04-30,31.02,31.36,31.56,30.7,4397836.0
2025-05-06,31.38,31.77,31.79,31.09,4747634.0
2025-05-07,31.9,31.1,32.19,30.73,4460651.0
2025-05-08,31.1,31.0,31.5,30.83,2997059.0
2025-05-09,30.99,29.91,31.0,29.66,4356159.0
2025-05-12,30.13,30.5,30.83,30.02,3586274.0
2025-05-13,30.88,30.25,31.31,30.2,3548601.0
2025-05-14,30.21,30.26,30.55,29.82,2460642.0
2025-05-15,30.08,29.19,30.47,29.19,2590298.0
2025-05-16,29.02,29.33,29.9,29.02,2278064.0
2025-05-19,29.03,30.05,30.15,29.03,2476035.0
2025-05-20,30.01,29.96,30.44,29.77,1896083.0
2025-05-21,30.0,30.0,30.2,29.19,2713760.0
2025-05-22,29.9,29.74,30.87,29.69,2895069.0
2025-05-23,29.71,29.95,30.48,29.53,3019663.0
2025-05-26,29.8,29.6,30.86,29.4,3098238.0
2025-05-27,29.66,28.8,29.66,28.78,2256593.0
2025-05-28,28.9,28.59,29.16,28.4,1318202.0
2025-05-29,28.61,29.18,29.2,28.57,1783383.0
2025-05-30,29.04,28.58,29.04,28.46,1599128.0
2025-06-03,28.45,28.76,28.99,28.43,1579341.0
2025-06-04,28.7,28.8,29.13,28.66,1586799.0
2025-06-05,28.8,29.22,29.3,28.45,1908536.0
2025-06-06,29.15,29.03,29.25,28.83,1401573.0
2025-06-09,29.17,29.33,29.4,28.9,1766808.0
2025-06-10,29.36,28.42,29.36,28.38,2118077.0
2025-06-11,28.55,28.42,29.01,28.4,1660268.0
2025-06-12,28.45,28.15,28.5,27.98,1865859.0
2025-06-13,28.1,28.23,29.15,27.9,2550991.0
2025-06-16,28.15,28.14,28.48,27.92,1664187.0
2025-06-17,28.42,27.88,28.42,27.8,1692400.0
2025-06-18,27.79,28.24,28.26,27.72,1777681.0
2025-06-19,28.19,27.82,28.56,27.75,2181837.0
2025-06-20,27.87,27.99,28.39,27.83,1863290.0
2025-06-23,27.84,28.48,28.8,27.7,2552782.0
2025-06-24,28.65,29.38,29.49,28.49,3516465.0
2025-06-25,29.4,29.62,29.68,28.95,3187794.0
2025-06-26,29.72,29.32,29.94,29.32,2578805.0
2025-06-27,29.38,29.66,30.07,29.36,2968758.0
2025-06-30,30.04,30.18,30.49,29.9,3580961.0
2025-07-01,30.31,30.34,30.88,30.05,3528007.0
2025-07-02,30.18,30.03,30.28,29.8,2671423.0
2025-07-03,30.09,30.0,30.27,29.8,2164310.0
2025-07-04,30.02,29.83,30.39,29.6,2500249.0
2025-07-07,30.01,30.22,30.5,29.88,2471058.0
2025-07-08,30.11,30.84,31.04,30.11,3983328.0
2025-07-09,30.88,30.58,31.02,30.48,2674600.0
2025-07-10,30.57,30.5,31.01,30.29,2562143.0
2025-07-11,30.54,30.78,30.95,30.25,2898362.0
2025-07-14,30.59,30.8,31.2,30.5,2431508.0
2025-07-15,30.81,31.0,31.28,30.61,3431113.0
2025-07-16,31.09,30.78,31.26,30.63,2618612.0
2025-07-17,30.83,31.08,31.11,30.58,2932500.0
2025-07-18,31.05,31.2,31.84,31.05,3727315.0
2025-07-21,31.17,31.23,31.7,31.15,3380474.0
2025-07-22,31.18,31.17,31.47,30.94,3282605.0
2025-07-23,31.18,32.25,32.65,31.02,8157191.0
2025-07-24,32.44,32.19,32.69,31.95,6217116.0
2025-07-25,32.16,33.11,33.33,31.57,7064994.0
2025-07-28,33.1,32.71,33.77,32.53,7360016.0
2025-07-29,32.55,33.83,34.27,32.55,7718205.0
2025-07-30,33.5,33.86,34.54,33.11,7117876.0
2025-07-31,33.86,32.83,34.47,32.69,7546021.0
2025-08-01,32.83,33.15,34.5,32.73,7240237.0
2025-08-04,33.71,33.78,33.94,33.21,7339663.0
2025-08-05,34.07,34.72,35.0,33.5,10078040.0
2025-08-06,33.7,34.24,34.25,33.01,11015559.0
2025-08-07,34.16,33.69,34.17,33.32,7071698.0
2025-08-08,33.35,33.21,33.89,32.71,6130494.0
2025-08-11,33.02,34.66,35.34,33.01,10297185.0
2025-08-12,34.61,34.52,34.97,34.18,5923299.0
2025-08-13,34.5,34.5,35.0,33.94,6165429.0
2025-08-14,34.45,34.12,35.42,33.85,8893976.0
2025-08-15,34.0,34.5,34.78,33.97,7223826.0
2025-08-18,34.66,38.0,39.0,34.45,18294233.0
2025-08-19,38.1,37.35,38.38,37.03,9982798.0
2025-08-20,37.72,37.99,38.09,36.53,9329090.0
2025-08-21,37.65,37.66,38.77,37.13,9823205.0
2025-08-22,37.65,38.92,39.39,37.47,11065501.0
2025-08-25,39.52,38.95,40.43,38.38,11800013.0
2025-08-26,38.92,39.76,40.46,38.42,10190641.0
2025-08-27,39.5,39.84,42.18,39.4,12748626.0
2025-08-28,39.6,44.34,45.68,38.81,15899302.0
2025-08-29,45.92,42.39,45.92,41.58,14086535.0
2025-09-01,43.01,44.93,45.3,41.83,12576824.0
2025-09-02,44.0,40.87,45.14,39.9,14571383.0
2025-09-03,40.7,39.06,40.98,38.82,9732244.0
2025-09-04,39.43,37.5,40.06,36.63,10954359.0
2025-09-05,37.66,38.41,38.75,37.32,8746188.0
2025-09-08,38.83,46.09,46.09,38.77,20833322.0
2025-09-09,46.09,45.98,48.75,45.09,25482342.0
2025-09-10,46.99,45.01,47.22,44.77,15022439.0
2025-09-11,44.12,45.13,47.35,43.03,16631387.0
2025-09-12,45.13,44.32,45.54,43.73,11034462.0
2025-09-15,45.0,47.99,50.77,44.05,19839504.0
2025-09-16,47.69,47.39,48.3,46.18,11697360.0
2025-09-17,47.05,48.82,50.99,47.0,17541709.0
2025-09-18,48.92,47.04,50.16,46.05,16667508.0
2025-09-19,46.78,47.18,49.61,46.78,13240141.0
2025-09-22,47.3,47.57,48.59,46.71,9212373.0
2025-09-23,48.41,49.68,49.68,47.4,13098031.0
2025-09-24,50.0,57.4,59.62,49.21,29306371.0
2025-09-25,56.56,54.34,57.03,54.34,19376581.0
2025-09-26,54.11,52.55,54.67,52.5,13211156.0
2025-09-29,53.5,56.28,56.28,52.8,15477369.0
2025-09-30,56.0,58.67,60.5,54.9,15637390.0
2025-10-09,59.0,58.57,62.98,56.7,15806760.0
2025-10-10,57.89,55.01,59.52,54.55,12588773.0
2025-10-13,51.11,54.03,54.9,51.11,9171218.0
2025-10-14,54.29,50.59,56.3,50.25,12251001.0
2025-10-15,51.1,53.69,54.79,49.91,10049814.0
2025-10-16,53.11,51.71,53.42,51.33,6033633.0
2025-10-17,51.42,48.05,52.07,47.92,8889916.0
2025-10-20,49.26,49.25,50.4,48.77,6458209.0
2025-10-21,50.25,49.75,50.55,49.3,5634715.0
2025-10-22,49.67,50.05,50.55,48.6,5183115.0
2025-10-23,50.0,49.7,50.16,48.12,5458956.0
2025-10-24,50.58,53.34,53.99,50.21,10268169.0
2025-10-27,54.01,56.46,57.5,53.18,11925554.0
2025-10-28,56.0,55.49,56.53,55.1,6338095.0
2025-10-29,55.8,57.15,57.87,55.5,6759881.0
2025-10-30,54.0,52.47,54.42,51.71,13791693.0
2025-10-31,51.15,49.87,52.5,49.74,8165586.0
2025-11-03,49.1,51.1,51.14,47.25,8102137.0
2025-11-04,50.85,50.17,51.78,49.12,5626383.0
2025-11-05,49.45,50.15,50.56,48.44,5060229.0
2025-11-06,50.31,51.4,52.48,50.07,6100921.0
2025-11-07,50.85,50.96,52.39,49.54,5269453.0
2025-11-10,51.18,52.3,54.1,50.9,7623272.0
2025-11-11,52.99,49.89,54.38,49.33,7748475.0
2025-11-12,49.12,48.87,50.18,48.18,4517593.0
2025-11-13,49.29,55.2,56.5,49.29,16550455.0
2025-11-14,55.3,57.58,61.17,52.69,23210649.0
2025-11-17,58.4,59.48,66.0,58.4,21607361.0
2025-11-18,59.47,63.3,64.54,58.64,20978236.0
2025-11-19,62.09,60.1,63.51,59.08,13784474.0
2025-11-20,61.3,59.12,61.5,56.88,13411993.0
2025-11-21,57.18,53.36,58.5,53.21,11140328.0
2025-11-24,54.18,55.03,56.35,53.26,10343987.0
2025-11-25,55.0,55.5,57.5,54.53,8934100.0
2025-11-26,55.28,58.26,61.95,53.83,13715672.0
2025-11-27,58.79,56.32,59.1,56.1,7225124.0
2025-11-28,56.6,64.66,66.66,55.22,21309404.0
2025-12-01,65.65,64.87,66.0,62.11,13920161.0
2025-12-02,64.6,63.3,65.52,62.05,12269948.0
2025-12-03,63.31,67.99,70.3,62.2,16847179.0
2025-12-04,67.0,68.3,72.23,63.66,16149052.0
2025-12-05,68.71,65.58,69.66,64.86,12632942.0
2025-12-08,65.0,69.0,69.66,64.0,13566792.0
2025-12-09,67.0,69.09,70.99,66.1,10563049.0
2025-12-10,68.06,72.39,74.44,66.3,11559763.0
2025-12-11,72.33,70.1,76.55,70.04,11698107.0
2025-12-12,67.99,72.5,74.15,66.9,12201369.0
2025-12-15,71.0,68.0,73.8,67.75,10598707.0
2025-12-16,67.39,64.42,68.0,63.3,9517037.0
2025-12-17,64.19,66.7,67.5,63.34,8719528.0
2025-12-18,66.44,64.5,67.7,63.4,8030170.0
2025-12-19,64.88,62.6,65.16,61.56,6543403.0
2025-12-22,63.5,67.69,71.2,63.0,12885866.0
2025-12-23,67.69,69.69,71.0,66.6,8853483.0
2025-12-24,69.76,70.09,70.9,68.0,6351480.0
2025-12-25,69.5,68.45,70.5,68.2,5291296.0
2025-12-26,68.02,66.48,68.75,66.03,6645904.0
2025-12-29,65.6,66.83,68.33,65.6,5929322.0
2025-12-30,65.91,63.77,69.44,63.31,9742192.0
2025-12-31,66.01,62.79,66.88,61.83,8643614.0
2026-01-05,63.5,63.88,66.3,63.3,8659219.0
2026-01-06,63.9,69.97,69.99,63.82,13793132.0
2026-01-07,72.07,75.71,76.98,71.53,14030425.0
2026-01-08,74.94,73.59,76.06,73.03,8196038.0
2026-01-09,73.0,72.06,73.85,70.02,8619211.0
2026-01-12,71.44,72.9,74.15,69.85,8261973.0
2026-01-13,72.31,69.39,73.31,68.19,9107128.0
2026-01-14,69.46,70.0,72.15,68.56,8554081.0
2026-01-15,69.54,75.22,75.27,68.88,10879221.0
2026-01-16,76.88,79.5,81.27,75.8,12257692.0
2026-01-19,79.02,77.98,80.5,77.2,6774907.0
2026-01-20,77.23,78.8,80.86,75.59,7808303.0
2026-01-21,76.9,77.88,80.9,76.78,7220681.0
2026-01-22,78.45,74.64,78.99,73.38,9735276.0
2026-01-23,74.44,77.58,79.88,74.12,8358294.0
2026-01-26,79.66,73.7,79.8,73.28,7353283.0
2026-01-27,73.63,75.68,76.62,71.5,6881017.0
2026-01-28,75.68,76.4,76.82,74.12,7127301.0
2026-01-29,75.81,71.2,76.78,70.18,9014259.0
2026-01-30,71.0,70.84,72.36,67.67,6499299.0
2026-02-02,70.25,66.0,70.36,66.0,5958598.0
2026-02-03,67.71,73.9,74.0,66.63,10627829.0
2026-02-04,73.87,77.65,79.38,72.91,14409631.0
2026-02-05,73.81,71.73,75.99,70.0,8024848.0
2026-02-06,70.2,71.0,72.8,69.11,5520666.0
2026-02-09,72.6,72.88,74.6,70.75,6193267.0
2026-02-10,72.18,78.61,80.67,70.32,11828580.0
2026-02-11,77.9,78.54,80.9,76.66,8384274.0
2026-02-12,78.54,82.9,84.84,78.44,9297809.0
2026-02-13,82.65,94.98,98.0,81.24,13515167.0
2026-02-24,91.5,92.3,94.75,89.88,8768319.0
2026-02-25,89.8,90.3,93.88,85.23,11383339.0
2026-02-26,88.95,87.42,90.3,85.48,9129384.0
2026-02-27,85.9,87.4,88.47,84.6,6694205.0
2026-03-02,85.42,86.17,88.88,84.66,7000163.0
2026-03-03,87.3,81.46,87.91,80.6,8135348.0
2026-03-04,80.97,78.94,82.59,78.42,6514270.0
2026-03-05,81.2,79.15,81.99,78.0,5762075.0
2026-03-06,78.3,77.37,79.44,76.97,5088405.0
2026-03-09,74.5,74.95,75.58,72.58,6739973.0
2026-03-10,77.07,76.59,77.65,75.25,5913988.0
2026-03-11,76.3,77.0,78.8,76.15,5988868.0
2026-03-12,76.81,73.01,77.64,72.13,7067796.0
2026-03-13,72.73,71.67,74.8,71.5,5314840.0
2026-03-16,71.2,70.3,71.6,67.72,8397866.0
