日期,股票代码,操作,委托价,成交价,数量,成交额,佣金,滑点成本
2019-06-26,002203,买入,10.7,10.72,900,9648.0,5.0,18.000000000001215
2019-07-08,002203,卖出,10.68,10.66,900,9594.0,5.0,17.999999999999616
2019-07-12,002846,买入,13.21,13.23,700,9261.0,5.0,13.999999999999702
2019-07-22,002203,买入,10.19,10.21,800,8168.000000000001,5.0,16.00000000000108
2019-07-26,603663,买入,15.16,15.18,500,7590.0,5.0,9.999999999999787
2019-07-31,603663,卖出,13.93,13.91,500,6955.0,5.0,9.999999999999787
2019-08-09,002846,卖出,11.84,11.82,700,8274.0,5.0,13.999999999999702
2019-08-12,300285,买入,20.32,20.35,400,8140.000000000001,5.0,12.000000000000455
2019-08-13,603663,买入,14.18,14.2,500,7100.0,5.0,9.999999999999787
2019-08-14,300450,买入,33.54,33.58,200,6716.0,5.0,7.9999999999998295
2019-08-26,300450,卖出,30.65,30.61,200,6122.0,5.0,7.9999999999998295
2019-09-09,300285,卖出,25.36,25.33,400,10132.0,5.0,12.000000000000455
2019-09-10,300285,买入,24.54,24.57,300,7371.0,5.0,9.000000000000341
2019-09-20,002203,卖出,10.57,10.55,800,8440.0,5.0,15.999999999999659
2019-09-23,002846,买入,13.1,13.12,600,7871.999999999999,5.0,11.999999999999744
2019-09-24,300285,卖出,22.52,22.49,300,6746.999999999999,5.0,9.000000000000341
2019-09-27,603663,卖出,13.74,13.72,500,6860.0,5.0,9.999999999999787
2019-10-08,002203,买入,10.36,10.38,800,8304.0,5.0,16.00000000000108
2019-10-10,002203,卖出,10.15,10.13,800,8104.000000000001,5.0,15.999999999999659
2019-10-10,300285,买入,22.46,22.49,400,8996.0,5.0,11.999999999999034
2019-10-23,300285,卖出,20.4,20.37,400,8148.0,5.0,11.999999999999034
2019-11-20,300450,买入,35.11,35.15,200,7030.0,5.0,7.9999999999998295
2019-11-22,002846,卖出,14.1,14.08,600,8448.0,5.0,11.999999999999744
2019-12-04,002846,买入,14.28,14.3,600,8580.0,5.0,12.00000000000081
2019-12-12,002846,卖出,14.15,14.13,600,8478.0,5.0,11.999999999999744
2019-12-16,002846,买入,15.42,15.44,500,7720.0,5.0,9.999999999999787
2019-12-18,002846,卖出,17.39,17.37,500,8685.0,5.0,9.999999999999787
2019-12-19,300450,卖出,42.18,42.13,200,8426.0,5.0,9.999999999999432
2019-12-20,300450,买入,42.0,42.05,200,8410.0,5.0,9.999999999999432
2019-12-27,603663,买入,13.22,13.24,600,7944.0,5.0,11.999999999999744
2020-01-13,002846,买入,22.38,22.41,300,6723.0,5.0,9.000000000000341
2020-01-16,002203,买入,10.51,10.53,700,7371.0,5.0,13.999999999999702
2020-01-23,300285,买入,24.55,24.58,200,4916.0,5.0,5.999999999999517
2020-02-03,603663,卖出,11.69,11.67,600,7002.0,5.0,11.999999999999744
2020-02-03,002846,卖出,19.0,18.98,300,5694.0,5.0,5.999999999999872
2020-02-03,002203,卖出,8.79,8.78,700,6146.0,5.0,6.999999999999851
2020-02-03,300285,卖出,22.1,22.07,200,4414.0,5.0,6.000000000000227
2020-02-04,603663,买入,11.26,11.28,700,7896.0,5.0,13.999999999999702
2020-02-04,002203,买入,8.96,8.97,800,7176.000000000001,5.0,7.9999999999998295
2020-02-12,300450,卖出,50.9,50.84,200,10168.0,5.0,11.999999999999034
2020-02-13,603663,卖出,11.76,11.74,700,8218.0,5.0,13.999999999999702
2020-02-24,300450,买入,52.9,52.96,100,5296.0,5.0,6.000000000000227
2020-03-06,300450,卖出,52.6,52.54,100,5254.0,5.0,6.000000000000227
2020-03-23,002846,买入,24.56,24.59,300,7377.0,5.0,9.000000000000341
2020-03-24,300450,买入,39.07,39.11,200,7822.0,5.0,7.9999999999998295
2020-03-25,603663,买入,13.02,13.04,500,6520.0,5.0,9.999999999999787
2020-04-03,002846,卖出,31.46,31.42,300,9426.0,5.0,11.999999999999744
2020-04-07,002846,买入,34.61,34.65,200,6930.0,5.0,7.9999999999998295
2020-04-07,002203,卖出,9.6,9.59,800,7672.0,5.0,7.9999999999998295
2020-04-09,002846,卖出,30.0,29.97,200,5994.0,5.0,6.000000000000227
2020-04-14,603663,卖出,12.59,12.57,500,6285.0,5.0,9.999999999999787
2020-04-24,603663,买入,12.92,12.94,700,9058.0,5.0,13.999999999999702
2020-04-28,300450,卖出,35.59,35.55,200,7109.999999999999,5.0,8.00000000000125
2020-04-29,002846,买入,16.97,16.99,500,8495.0,5.0,9.999999999999787
2020-06-23,300450,买入,46.73,46.78,100,4678.0,5.0,5.000000000000426
2020-06-23,603663,卖出,13.94,13.92,700,9744.0,5.0,13.999999999999702
2020-06-29,002846,卖出,16.71,16.69,500,8345.0,5.0,9.999999999999787
2020-07-24,603663,买入,17.44,17.46,500,8730.0,5.0,9.999999999999787
2020-07-27,300450,卖出,41.49,41.44,100,4144.0,5.0,5.000000000000426
2020-07-30,002846,买入,17.38,17.4,500,8700.0,5.0,9.999999999999787
2020-07-31,300450,买入,44.03,44.08,100,4408.0,5.0,4.999999999999716
2020-08-05,603663,卖出,20.07,20.04,500,10020.0,5.0,15.000000000000568
2020-08-27,603663,买入,20.73,20.76,400,8304.0,5.0,12.000000000000455
2020-08-28,300285,买入,41.69,41.74,100,4174.0,5.0,5.000000000000426
2020-09-09,603663,卖出,18.9,18.88,400,7552.0,5.0,7.9999999999998295
2020-09-10,300285,卖出,39.64,39.6,100,3960.0,5.0,3.9999999999999147
2020-09-10,002846,卖出,15.83,15.81,500,7905.0,5.0,9.999999999999787
2020-09-10,300450,卖出,40.47,40.42,100,4042.0,5.0,4.999999999999716
2020-09-11,002846,买入,16.4,16.42,600,9852.000000000002,5.0,12.000000000001876
2020-09-18,002846,卖出,16.22,16.2,600,9720.0,5.0,11.999999999999744
2020-10-20,300450,买入,55.23,55.29,100,5529.0,5.0,6.000000000000227
2020-11-04,300285,买入,42.4,42.45,200,8490.0,5.0,10.000000000000853
2020-11-04,300450,卖出,66.65,66.58,100,6658.0,5.0,7.000000000000739
2020-11-09,300285,卖出,40.28,40.23,200,8045.999999999999,5.0,10.000000000000853
2020-11-17,002203,买入,8.12,8.13,1200,9756.000000000002,5.0,12.000000000001876
2020-12-17,300285,买入,43.07,43.12,200,8624.0,5.0,9.999999999999432
2020-12-29,002203,卖出,7.41,7.4,1200,8880.0,5.0,11.999999999999744
2021-01-13,300450,买入,88.0,88.09,100,8809.0,5.0,9.000000000000341
2021-01-19,688155,买入,71.44,71.52,100,7152.0,5.0,7.9999999999998295
2021-01-25,688155,卖出,86.76,86.67,100,8667.0,5.0,9.000000000000341
2021-01-29,300450,卖出,89.5,89.41,100,8941.0,5.0,9.000000000000341
2021-01-29,002203,买入,8.13,8.14,1100,8954.0,5.0,10.999999999999766
2021-02-02,603663,买入,14.62,14.64,500,7320.0,5.0,10.000000000000675
2021-02-10,002846,买入,15.14,15.16,400,6064.0,5.0,7.9999999999998295
2021-02-10,300285,卖出,55.68,55.62,200,11124.0,5.0,12.000000000000455
2021-02-18,300285,买入,56.5,56.56,100,5656.0,5.0,6.000000000000227
2021-02-22,300285,卖出,50.68,50.62,100,5062.0,5.0,6.000000000000227
2021-02-23,002203,卖出,8.97,8.96,1100,9856.000000000002,5.0,10.999999999999766
2021-03-04,603663,卖出,16.41,16.39,500,8195.0,5.0,9.999999999999787
2021-03-11,300450,买入,76.5,76.58,100,7658.0,5.0,7.9999999999998295
2021-03-24,300450,卖出,72.0,71.92,100,7192.0,5.0,7.9999999999998295
2021-03-25,002846,卖出,14.69,14.67,400,5868.0,5.0,7.9999999999998295
2021-04-16,300450,买入,82.1,82.19,100,8219.0,5.0,9.000000000000341
2021-04-19,688155,买入,82.06,82.15,100,8215.0,5.0,9.000000000000341
2021-04-20,300285,买入,49.26,49.31,100,4931.0,5.0,5.000000000000426
2021-04-26,002203,买入,10.41,10.43,700,7301.0,5.0,13.999999999999702
2021-05-06,688155,卖出,89.45,89.36,100,8936.0,5.0,9.000000000000341
2021-05-11,300285,卖出,46.77,46.72,100,4672.0,5.0,5.000000000000426
2021-05-13,300450,卖出,74.41,74.33,100,7433.0,5.0,7.9999999999998295
2021-05-27,300285,买入,51.76,51.82,100,5182.0,5.0,6.000000000000227
2021-05-31,688155,买入,89.3,89.39,100,8939.0,5.0,9.000000000000341
2021-06-04,300285,卖出,50.97,50.91,100,5091.0,5.0,6.000000000000227
2021-06-11,300285,买入,51.5,51.56,100,5156.0,5.0,6.000000000000227
2021-06-17,002203,卖出,10.03,10.01,700,7007.0,5.0,13.999999999999702
2021-06-28,688155,卖出,113.88,113.76,100,11376.0,5.0,11.999999999999034
2021-07-01,300285,卖出,46.88,46.83,100,4683.0,5.0,5.000000000000426
2021-07-06,300450,买入,59.9,59.96,100,5996.0,5.0,6.000000000000227
2021-07-13,300450,卖出,71.15,71.07,100,7106.999999999999,5.0,8.00000000000125
2021-07-16,002203,买入,10.54,10.56,900,9504.0,5.0,18.000000000001215
2021-07-16,300285,买入,46.56,46.61,200,9322.0,5.0,9.999999999999432
2021-07-22,603663,买入,16.78,16.8,500,8400.0,5.0,9.999999999999787
2021-07-26,603663,卖出,17.66,17.64,500,8820.0,5.0,9.999999999999787
2021-07-29,002846,买入,7.6,7.61,1100,8371.0,5.0,11.000000000000743
2021-07-30,300450,买入,76.0,76.08,100,7608.0,5.0,7.9999999999998295
2021-08-18,300450,卖出,73.08,73.0,100,7300.0,5.0,7.9999999999998295
2021-08-27,002846,卖出,7.67,7.66,1100,8426.0,5.0,10.999999999999766
2021-08-30,603663,买入,25.8,25.83,300,7748.999999999999,5.0,8.999999999999275
2021-09-03,300285,卖出,40.99,40.94,200,8188.0,5.0,10.000000000000853
2021-09-14,002203,卖出,12.03,12.01,900,10809.0,5.0,17.999999999999616
2021-09-14,603663,卖出,23.17,23.14,300,6942.0,5.0,9.000000000000341
2021-10-26,300450,买入,77.69,77.77,100,7777.0,5.0,7.9999999999998295
2021-10-29,002203,买入,10.53,10.55,900,9495.0,5.0,18.000000000001215
2021-11-04,300285,买入,44.66,44.71,100,4471.0,5.0,5.000000000000426
2021-11-16,002203,卖出,12.22,12.2,900,10980.0,5.0,18.000000000001215
2021-11-22,002203,买入,12.5,12.52,700,8764.0,5.0,13.999999999999702
2021-12-02,002846,买入,7.47,7.48,1100,8228.0,5.0,11.000000000000743
2021-12-08,300285,卖出,43.98,43.93,100,4393.0,5.0,4.999999999999716
2021-12-14,603663,买入,27.82,27.85,200,5570.0,5.0,6.000000000000227
2021-12-21,300450,卖出,74.8,74.72,100,7472.0,5.0,7.9999999999998295
2021-12-24,603663,卖出,23.62,23.59,200,4718.0,5.0,6.000000000000227
2022-01-04,603663,买入,26.66,26.69,300,8007.0,5.0,9.000000000000341
2022-01-04,300285,买入,41.85,41.9,100,4190.0,5.0,4.999999999999716
2022-01-06,300285,卖出,39.5,39.46,100,3946.0,5.0,3.9999999999999147
2022-01-07,603663,卖出,24.19,24.16,300,7248.0,5.0,9.000000000000341
2022-01-17,002203,卖出,12.49,12.47,700,8729.0,5.0,13.999999999999702
2022-02-07,002846,卖出,7.18,7.17,1100,7887.0,5.0,10.999999999999766
2022-02-08,002846,买入,7.25,7.26,1400,10164.0,5.0,13.999999999999702
2022-03-09,300450,买入,54.94,55.0,100,5500.0,5.0,6.000000000000227
2022-03-09,002203,买入,10.87,10.89,800,8712.0,5.0,16.00000000000108
2022-03-10,300285,买入,34.96,35.0,200,7000.0,5.0,7.9999999999998295
2022-03-15,002846,卖出,6.58,6.57,1400,9198.0,5.0,13.999999999999702
2022-03-16,002846,买入,6.74,6.75,1200,8100.0,5.0,11.999999999999744
2022-04-01,002846,卖出,7.67,7.66,1200,9192.0,5.0,11.999999999999744
2022-04-07,300450,卖出,53.6,53.54,100,5354.0,5.0,6.000000000000227
2022-04-11,002203,卖出,9.86,9.85,800,7880.0,5.0,7.9999999999998295
2022-04-13,300285,卖出,31.98,31.94,200,6388.0,5.0,7.9999999999998295
2022-04-14,688155,买入,83.53,83.62,100,8362.0,5.0,9.000000000000341
2022-04-14,002203,买入,10.01,10.03,900,9027.0,5.0,17.999999999999616
2022-04-25,688778,买入,58.6,58.66,100,5866.0,5.0,5.999999999999517
2022-04-25,002846,买入,5.66,5.67,1300,7371.0,5.0,12.999999999999723
2022-04-25,688155,卖出,71.5,71.42,100,7142.0,5.0,7.9999999999998295
2022-04-25,002203,卖出,8.56,8.55,900,7695.000000000001,5.0,8.999999999999808
2022-05-11,688778,卖出,73.15,73.07,100,7306.999999999999,5.0,8.00000000000125
2022-05-25,002846,卖出,6.5,6.49,1300,8437.0,5.0,12.999999999999723
2022-05-30,688778,买入,88.07,88.16,100,8816.0,5.0,9.000000000000341
2022-05-30,300285,买入,35.02,35.06,200,7012.0,5.0,7.9999999999998295
2022-06-02,002846,买入,6.13,6.14,1400,8596.0,5.0,13.999999999999702
2022-06-16,603663,买入,19.21,19.23,400,7692.0,5.0,7.9999999999998295
2022-06-17,688778,卖出,106.59,106.48,100,10648.0,5.0,10.999999999999943
2022-06-22,300450,买入,64.4,64.47,100,6447.0,5.0,6.999999999999318
2022-06-23,002846,卖出,6.62,6.61,1400,9254.0,5.0,13.999999999999702
2022-06-28,300450,卖出,67.85,67.78,100,6778.0,5.0,6.999999999999318
2022-07-06,002203,买入,11.4,11.42,700,7994.0,5.0,13.999999999999702
2022-07-11,300285,卖出,32.16,32.12,200,6423.999999999999,5.0,7.9999999999998295
2022-07-12,603663,卖出,16.9,16.88,400,6752.0,5.0,7.9999999999998295
2022-07-14,002846,买入,6.57,6.58,1400,9212.0,5.0,13.999999999999702
2022-07-18,002846,卖出,6.28,6.27,1400,8778.0,5.0,14.000000000000945
2022-07-22,002846,买入,6.5,6.51,1400,9114.0,5.0,13.999999999999702
2022-07-27,002846,卖出,7.93,7.92,1400,11088.0,5.0,13.999999999999702
2022-08-10,603663,买入,17.94,17.96,500,8980.0,5.0,9.999999999999787
2022-08-18,300450,买入,62.6,62.67,100,6267.0,5.0,7.000000000000028
2022-08-19,300285,买入,33.4,33.44,200,6688.0,5.0,7.9999999999998295
2022-08-24,603663,卖出,15.81,15.79,500,7895.0,5.0,10.000000000000675
2022-08-25,300285,卖出,32.4,32.36,200,6472.0,5.0,7.9999999999998295
2022-08-26,300450,卖出,57.53,57.47,100,5747.0,5.0,6.000000000000227
2022-09-05,002203,卖出,11.23,11.21,700,7847.000000000001,5.0,13.999999999999702
2022-09-08,688155,买入,75.98,76.06,100,7606.0,5.0,7.9999999999998295
2022-09-08,300285,买入,29.8,29.83,300,8949.0,5.0,8.999999999999275
2022-09-09,688155,卖出,75.42,75.34,100,7534.0,5.0,7.9999999999998295
2022-09-13,688155,买入,76.72,76.8,100,7680.0,5.0,7.9999999999998295
2022-09-23,603663,买入,13.77,13.79,600,8274.0,5.0,11.999999999999744
2022-09-23,688155,卖出,69.3,69.23,100,6923.0,5.0,6.999999999999318
2022-09-26,688155,买入,69.59,69.66,100,6966.0,5.0,6.999999999999318
2022-09-26,603663,卖出,13.39,13.37,600,8021.999999999999,5.0,12.00000000000081
2022-09-29,300285,卖出,30.02,29.98,300,8994.0,5.0,11.999999999999744
2022-09-30,300450,买入,47.31,47.36,100,4736.0,5.0,4.999999999999716
2022-10-10,300450,卖出,46.56,46.51,100,4651.0,5.0,5.000000000000426
2022-10-10,688155,卖出,61.0,60.93,100,6093.0,5.0,7.000000000000028
2022-10-11,688155,买入,61.34,61.41,100,6141.0,5.0,6.999999999999318
2022-10-13,603663,买入,14.7,14.72,600,8832.0,5.0,12.00000000000081
2022-10-13,002846,买入,6.64,6.65,1200,7980.0,5.0,12.00000000000081
2022-10-17,300285,买入,26.03,26.06,200,5212.0,5.0,5.999999999999517
2022-10-24,300285,卖出,23.65,23.62,200,4724.0,5.0,5.999999999999517
2022-10-26,688155,卖出,65.42,65.35,100,6534.999999999999,5.0,7.000000000000739
2022-10-26,300285,买入,23.72,23.75,300,7125.0,5.0,9.000000000000341
2022-10-27,002846,卖出,7.13,7.12,1200,8544.0,5.0,11.999999999999744
2022-10-28,603663,卖出,13.09,13.07,600,7842.0,5.0,11.999999999999744
2022-11-03,002846,买入,8.2,8.21,1100,9031.000000000002,5.0,11.00000000000172
2022-11-04,603663,买入,14.41,14.43,500,7215.0,5.0,9.999999999999787
2022-11-15,300285,卖出,30.3,30.26,300,9078.0,5.0,11.999999999999744
2022-11-22,002846,卖出,10.77,10.75,1100,11825.0,5.0,21.99999999999953
2022-11-23,002846,买入,11.85,11.87,800,9496.0,5.0,15.999999999999659
2022-11-24,300285,买入,28.17,28.2,300,8460.0,5.0,8.999999999999275
2022-11-25,002846,卖出,11.74,11.72,800,9376.0,5.0,15.999999999999659
2022-11-30,300450,买入,43.76,43.81,200,8762.0,5.0,10.000000000000853
2022-12-09,300285,卖出,29.13,29.1,300,8730.0,5.0,8.999999999999275
2022-12-13,300285,买入,30.01,30.05,200,6010.0,5.0,7.9999999999998295
2022-12-14,300450,卖出,41.1,41.05,200,8210.0,5.0,10.000000000000853
2022-12-16,300450,买入,42.15,42.2,200,8440.0,5.0,10.000000000000853
2022-12-16,603663,卖出,13.08,13.06,500,6530.0,5.0,9.999999999999787
2022-12-21,300450,卖出,40.97,40.92,200,8184.0,5.0,9.999999999999432
2022-12-27,300450,买入,41.51,41.56,200,8312.0,5.0,10.000000000000853
2022-12-30,300285,卖出,27.57,27.54,200,5508.0,5.0,6.000000000000227
2023-01-03,300285,买入,27.7,27.73,300,8319.0,5.0,9.000000000000341
2023-01-04,688155,买入,54.02,54.08,100,5408.0,5.0,5.999999999999517
2023-01-06,301150,买入,69.05,69.12,100,6912.0,5.0,7.000000000000739
2023-01-09,300450,卖出,43.17,43.12,200,8624.0,5.0,10.000000000000853
2023-01-19,300285,卖出,33.5,33.46,300,10038.0,5.0,11.999999999999744
2023-01-30,688155,卖出,56.95,56.89,100,5689.0,5.0,6.000000000000227
2023-02-01,301150,卖出,72.44,72.36,100,7236.0,5.0,7.9999999999998295
2023-02-16,300450,买入,46.2,46.25,200,9250.0,5.0,9.999999999999432
2023-02-17,300450,卖出,45.08,45.03,200,9006.0,5.0,9.999999999999432
2023-02-20,688778,买入,79.02,79.1,100,7909.999999999999,5.0,7.9999999999998295
2023-02-28,301150,买入,68.49,68.56,100,6856.0,5.0,7.000000000000739
2023-02-28,688778,卖出,78.35,78.27,100,7827.0,5.0,7.9999999999998295
2023-03-02,300450,买入,43.64,43.69,200,8738.0,5.0,9.999999999999432
2023-03-02,688155,买入,54.18,54.24,100,5424.0,5.0,6.000000000000227
2023-03-02,603663,买入,15.61,15.63,500,7815.0,5.0,10.000000000000675
2023-03-06,688155,卖出,53.42,53.36,100,5336.0,5.0,6.000000000000227
2023-03-08,301150,卖出,67.14,67.07,100,6706.999999999999,5.0,7.000000000000739
2023-03-16,688778,买入,70.86,70.94,100,7094.0,5.0,7.9999999999998295
2023-03-16,300450,卖出,38.88,38.84,200,7768.000000000001,5.0,7.9999999999998295
2023-03-16,603663,卖出,14.22,14.2,500,7100.0,5.0,10.000000000000675
2023-03-17,300450,买入,38.75,38.79,200,7758.0,5.0,7.9999999999998295
2023-03-20,688155,买入,55.12,55.18,100,5518.0,5.0,6.000000000000227
2023-03-22,002203,买入,12.02,12.04,600,7223.999999999999,5.0,11.999999999999744
2023-04-03,603663,买入,15.04,15.06,500,7530.0,5.0,10.000000000000675
2023-04-04,688778,卖出,67.83,67.76,100,6776.000000000001,5.0,6.999999999999318
2023-04-07,002203,卖出,11.56,11.54,600,6923.999999999999,5.0,12.00000000000081
2023-04-18,002203,买入,11.64,11.66,700,8162.0,5.0,13.999999999999702
2023-04-21,301150,买入,65.1,65.17,100,6517.0,5.0,7.000000000000739
2023-04-21,002203,卖出,11.16,11.14,700,7798.0,5.0,13.999999999999702
2023-04-24,300450,卖出,35.92,35.88,200,7176.000000000001,5.0,7.9999999999998295
2023-04-25,301150,卖出,56.22,56.16,100,5616.0,5.0,6.000000000000227
2023-04-28,300285,买入,29.45,29.48,200,5896.0,5.0,6.000000000000227
2023-05-05,688155,卖出,49.7,49.65,100,4965.0,5.0,5.000000000000426
2023-05-12,603663,卖出,13.74,13.72,500,6860.0,5.0,9.999999999999787
2023-05-26,300285,卖出,27.08,27.05,200,5410.0,5.0,5.999999999999517
2023-06-05,300450,买入,33.09,33.13,200,6626.000000000001,5.0,7.9999999999998295
2023-06-05,603663,买入,14.7,14.72,600,8832.0,5.0,12.00000000000081
2023-06-08,688778,买入,49.9,49.95,100,4995.0,5.0,5.000000000000426
2023-06-12,603663,卖出,14.25,14.23,600,8538.0,5.0,11.999999999999744
2023-06-14,300450,卖出,29.95,29.92,200,5984.0,5.0,5.999999999999517
2023-06-15,300450,买入,33.97,34.01,200,6802.0,5.0,7.9999999999998295
2023-06-19,688147,买入,54.79,54.85,100,5485.0,5.0,6.000000000000227
2023-06-26,688147,卖出,49.09,49.04,100,4904.0,5.0,5.000000000000426
2023-06-27,002846,买入,12.57,12.59,600,7554.0,5.0,11.999999999999744
2023-07-06,300450,卖出,35.37,35.33,200,7066.0,5.0,7.9999999999998295
2023-07-12,300285,买入,28.02,28.05,300,8415.0,5.0,9.000000000000341
2023-07-13,688778,卖出,48.67,48.62,100,4862.0,5.0,5.000000000000426
2023-07-18,603663,买入,11.14,11.16,700,7812.0,5.0,13.999999999999702
2023-07-21,688155,买入,48.19,48.24,100,4824.0,5.0,5.000000000000426
2023-07-26,301150,买入,45.91,45.96,100,4596.0,5.0,5.000000000000426
2023-07-27,002203,买入,12.34,12.36,500,6180.0,5.0,9.999999999999787
2023-07-31,300450,买入,33.15,33.19,100,3319.0,5.0,3.9999999999999147
2023-08-02,300450,卖出,32.3,32.26,100,3226.0,5.0,3.9999999999999147
2023-08-14,002846,卖出,12.75,12.73,600,7638.0,5.0,11.999999999999744
2023-08-14,603663,卖出,10.22,10.2,700,7139.999999999999,5.0,14.000000000000945
2023-08-15,603663,买入,10.12,10.14,700,7098.0,5.0,14.000000000000945
2023-08-16,301150,卖出,42.19,42.14,100,4214.0,5.0,4.999999999999716
2023-08-21,301150,买入,41.62,41.67,100,4167.0,5.0,5.000000000000426
2023-08-21,688155,卖出,44.08,44.03,100,4403.0,5.0,4.999999999999716
2023-08-22,301150,卖出,41.23,41.18,100,4118.0,5.0,4.999999999999716
2023-08-23,301150,买入,40.55,40.6,100,4060.0,5.0,5.000000000000426
2023-08-24,300450,买入,29.3,29.33,200,5866.0,5.0,5.999999999999517
2023-08-25,002203,卖出,11.23,11.21,500,5605.0,5.0,9.999999999999787
2023-09-11,603663,卖出,10.58,10.56,700,7392.0,5.0,13.999999999999702
2023-09-11,300285,卖出,29.3,29.27,300,8781.0,5.0,9.000000000000341
2023-09-14,301150,卖出,38.23,38.19,100,3819.0,5.0,3.9999999999999147
2023-09-15,300450,卖出,27.06,27.03,200,5406.0,5.0,5.999999999999517
2023-09-22,688147,买入,43.47,43.52,200,8704.0,5.0,10.000000000000853
2023-09-25,002846,买入,11.18,11.2,700,7839.999999999999,5.0,13.999999999999702
2023-09-27,688155,买入,45.2,45.25,100,4525.0,5.0,4.999999999999716
2023-10-11,002846,卖出,10.7,10.68,700,7476.0,5.0,13.999999999999702
2023-10-13,688778,买入,42.2,42.25,100,4225.0,5.0,4.999999999999716
2023-10-17,688155,卖出,42.45,42.4,100,4240.0,5.0,5.000000000000426
2023-10-19,688147,卖出,42.7,42.65,200,8530.0,5.0,10.000000000000853
2023-10-23,688155,买入,41.2,41.25,200,8250.0,5.0,9.999999999999432
2023-10-24,688155,卖出,46.5,46.45,200,9290.0,5.0,9.999999999999432
2023-10-25,688155,买入,47.2,47.25,100,4725.0,5.0,4.999999999999716
2023-10-25,002203,买入,10.74,10.76,800,8608.0,5.0,15.999999999999659
2023-10-25,300285,买入,23.64,23.67,300,7101.000000000001,5.0,9.000000000000341
2023-10-30,688147,买入,43.26,43.31,100,4331.0,5.0,5.000000000000426
2023-11-03,002203,卖出,10.78,10.76,800,8608.0,5.0,15.999999999999659
2023-11-29,688155,卖出,59.1,59.04,100,5904.0,5.0,6.000000000000227
2023-12-01,688147,卖出,39.51,39.47,100,3947.0,5.0,3.9999999999999147
2023-12-07,688155,买入,59.95,60.01,100,6001.0,5.0,5.999999999999517
2023-12-11,688778,卖出,38.77,38.73,100,3872.9999999999995,5.0,4.000000000000625
2023-12-12,301150,买入,35.21,35.25,200,7050.0,5.0,7.9999999999998295
2023-12-12,603663,买入,10.6,10.62,700,7433.999999999999,5.0,13.999999999999702
2023-12-14,301150,卖出,34.4,34.36,200,6872.0,5.0,7.9999999999998295
2023-12-14,688155,卖出,57.21,57.15,100,5715.0,5.0,6.000000000000227
2023-12-14,300285,卖出,23.52,23.49,300,7046.999999999999,5.0,9.000000000000341
2023-12-15,002203,买入,10.91,10.93,800,8744.0,5.0,15.999999999999659
2023-12-20,300285,买入,22.52,22.55,300,6765.0,5.0,9.000000000000341
2023-12-20,002846,买入,10.32,10.34,600,6204.0,5.0,11.999999999999744
2023-12-22,301150,买入,32.53,32.57,200,6514.0,5.0,7.9999999999998295
2023-12-26,688147,买入,36.2,36.24,100,3624.0,5.0,3.9999999999999147
2023-12-27,688147,卖出,38.1,38.06,100,3806.0,5.0,3.9999999999999147
2023-12-28,688147,买入,39.9,39.94,100,3994.0,5.0,3.9999999999999147
2024-01-04,688147,卖出,36.58,36.54,100,3654.0,5.0,3.9999999999999147
2024-01-08,002203,卖出,10.37,10.35,800,8280.0,5.0,15.999999999999659
2024-01-08,300285,卖出,20.59,20.56,300,6168.0,5.0,9.000000000000341
2024-01-16,301150,卖出,30.68,30.64,200,6128.0,5.0,7.9999999999998295
2024-01-16,002846,卖出,10.19,10.17,600,6102.0,5.0,11.999999999999744
2024-01-22,603663,卖出,11.95,11.93,700,8351.0,5.0,13.999999999999702
2024-01-23,301150,买入,27.11,27.14,300,8142.0,5.0,9.000000000000341
2024-01-23,688778,买入,34.49,34.53,200,6906.0,5.0,7.9999999999998295
2024-01-23,002203,买入,9.09,9.1,800,7280.0,5.0,7.9999999999998295
2024-01-30,688778,卖出,31.32,31.28,200,6256.0,5.0,7.9999999999998295
2024-01-31,301150,卖出,24.3,24.27,300,7281.0,5.0,9.000000000000341
2024-02-02,002203,卖出,8.64,8.63,800,6904.000000000001,5.0,7.9999999999998295
2024-02-05,301150,买入,20.19,20.22,400,8088.0,5.0,11.999999999999034
2024-02-05,002846,买入,6.48,6.49,1200,7788.0,5.0,11.999999999999744
2024-02-06,300450,买入,19.77,19.79,300,5937.0,5.0,5.999999999999872
2024-02-06,002846,卖出,5.84,5.83,1200,6996.0,5.0,11.999999999999744
2024-02-07,688155,买入,51.15,51.21,100,5121.0,5.0,6.000000000000227
2024-02-07,688147,买入,32.7,32.74,200,6548.0,5.0,7.9999999999998295
2024-02-07,002846,买入,5.38,5.39,1200,6468.0,5.0,11.999999999999744
2024-02-19,301150,卖出,26.0,25.97,400,10388.0,5.0,12.000000000000455
2024-02-20,002846,卖出,6.65,6.64,1200,7968.0,5.0,12.00000000000081
2024-02-21,002846,买入,6.7,6.71,1100,7381.0,5.0,10.999999999999766
2024-02-29,300450,卖出,22.7,22.67,300,6801.000000000001,5.0,8.999999999999275
2024-03-05,002846,卖出,6.98,6.97,1100,7667.0,5.0,11.000000000000743
2024-03-08,688155,卖出,62.77,62.7,100,6270.0,5.0,7.000000000000028
2024-03-11,688155,买入,66.45,66.52,100,6652.0,5.0,6.999999999999318
2024-03-18,603663,买入,11.22,11.24,700,7868.0,5.0,13.999999999999702
2024-03-19,688155,卖出,61.04,60.97,100,6097.0,5.0,7.000000000000028
2024-03-21,002846,买入,8.95,8.96,900,8064.000000000001,5.0,9.000000000001407
2024-03-28,603663,卖出,13.56,13.54,700,9478.0,5.0,14.000000000000945
2024-03-29,603663,买入,14.92,14.94,500,7470.0,5.0,9.999999999999787
2024-04-02,603663,卖出,18.05,18.03,500,9015.0,5.0,9.999999999999787
2024-04-08,688147,卖出,33.38,33.34,200,6668.000000000001,5.0,7.9999999999998295
2024-04-10,301150,买入,33.14,33.18,200,6636.0,5.0,7.9999999999998295
2024-04-10,688778,买入,35.13,35.17,200,7034.0,5.0,7.9999999999998295
2024-04-10,300450,买入,24.69,24.72,300,7416.0,5.0,8.999999999999275
2024-04-15,002846,卖出,7.59,7.58,900,6822.0,5.0,8.999999999999808
2024-04-15,301150,卖出,29.98,29.95,200,5990.0,5.0,6.000000000000227
2024-04-16,688778,卖出,30.75,30.71,200,6142.0,5.0,7.9999999999998295
2024-04-16,300450,卖出,22.1,22.07,300,6621.0,5.0,9.000000000000341
2024-04-29,688778,买入,35.11,35.15,200,7030.0,5.0,7.9999999999998295
2024-05-27,688778,卖出,35.03,34.99,200,6998.0,5.0,7.9999999999998295
2024-05-28,688155,买入,58.18,58.24,100,5824.0,5.0,6.000000000000227
2024-05-28,603663,买入,15.53,15.55,500,7775.0,5.0,10.000000000000675
2024-06-05,688155,卖出,39.53,39.49,100,3949.0,5.0,3.9999999999999147
2024-06-05,300285,买入,19.0,19.02,400,7608.0,5.0,7.9999999999998295
2024-06-06,300450,买入,19.53,19.55,400,7820.0,5.0,7.9999999999998295
2024-06-06,688155,买入,38.68,38.72,100,3872.0,5.0,3.9999999999999147
2024-06-06,603663,卖出,14.12,14.1,500,7050.0,5.0,9.999999999999787
2024-06-07,300450,卖出,19.24,19.22,400,7688.0,5.0,7.9999999999998295
2024-06-11,300285,卖出,18.63,18.61,400,7444.0,5.0,7.9999999999998295
2024-06-12,301150,买入,17.93,17.95,500,8975.0,5.0,9.999999999999787
2024-06-18,301150,卖出,19.06,19.04,500,9520.0,5.0,9.999999999999787
2024-07-08,300450,买入,15.32,15.34,500,7670.0,5.0,9.999999999999787
2024-07-08,688147,买入,22.65,22.68,300,6804.0,5.0,9.000000000000341
2024-07-12,603663,买入,14.41,14.43,500,7215.0,5.0,9.999999999999787
2024-07-17,603663,卖出,13.16,13.14,500,6570.0,5.0,9.999999999999787
2024-07-18,688147,卖出,27.44,27.41,300,8223.0,5.0,9.000000000000341
2024-07-23,688155,卖出,35.59,35.55,100,3554.9999999999995,5.0,4.000000000000625
2024-07-29,002846,买入,6.92,6.93,1200,8316.0,5.0,11.999999999999744
2024-08-01,688155,买入,35.92,35.96,200,7192.0,5.0,7.9999999999998295
2024-08-05,688155,卖出,32.66,32.62,200,6523.999999999999,5.0,7.9999999999998295
2024-08-06,002846,卖出,6.83,6.82,1200,8184.0,5.0,11.999999999999744
2024-08-14,688778,买入,29.55,29.58,200,5916.0,5.0,5.999999999999517
2024-08-19,688778,卖出,27.94,27.91,200,5582.0,5.0,6.000000000000227
2024-08-22,603663,买入,14.45,14.47,500,7235.0,5.0,10.000000000000675
2024-08-27,300285,买入,15.19,15.21,500,7605.0,5.0,10.000000000000675
2024-08-29,002203,买入,8.18,8.19,800,6552.0,5.0,7.9999999999998295
2024-08-29,300450,卖出,14.08,14.06,500,7030.0,5.0,9.999999999999787
2024-09-10,300285,卖出,14.74,14.72,500,7360.0,5.0,9.999999999999787
2024-09-13,603663,卖出,13.27,13.25,500,6625.0,5.0,9.999999999999787
2024-09-20,300285,买入,14.5,14.52,500,7260.0,5.0,9.999999999999787
2024-09-25,688778,买入,27.32,27.35,200,5470.0,5.0,6.000000000000227
2024-09-25,300450,买入,14.03,14.05,500,7025.0,5.0,10.000000000000675
2024-09-25,603663,买入,13.95,13.97,400,5588.0,5.0,8.00000000000054
2024-09-25,688147,买入,19.61,19.63,300,5889.0,5.0,5.999999999999872
2024-09-27,300285,卖出,17.66,17.64,500,8820.0,5.0,9.999999999999787
2024-09-30,300450,卖出,19.35,19.33,500,9665.0,5.0,10.000000000001563
2024-09-30,688778,卖出,36.74,36.7,200,7340.000000000001,5.0,7.9999999999998295
2024-09-30,688147,卖出,26.55,26.52,300,7956.0,5.0,9.000000000000341
2024-10-08,603663,卖出,17.93,17.91,400,7164.0,5.0,7.9999999999998295
2024-10-09,002203,卖出,8.79,8.78,800,7023.999999999999,5.0,7.9999999999998295
2024-10-23,603663,买入,17.16,17.18,500,8590.0,5.0,9.999999999999787
2024-10-23,688147,买入,27.49,27.52,300,8256.0,5.0,9.000000000000341
2024-10-23,002846,买入,8.2,8.21,1000,8210.0,5.0,10.000000000001563
2024-10-24,300450,买入,18.68,18.7,400,7480.0,5.0,7.9999999999998295
2024-10-24,300285,买入,18.9,18.92,300,5676.000000000001,5.0,6.000000000000938
2024-10-29,002203,买入,8.95,8.96,700,6272.000000000001,5.0,7.000000000001094
2024-10-30,688147,卖出,25.94,25.91,300,7773.0,5.0,9.000000000000341
2024-10-31,300450,卖出,18.78,18.76,400,7504.000000000001,5.0,7.9999999999998295
2024-11-01,002846,卖出,7.47,7.46,1000,7460.0,5.0,9.999999999999787
2024-11-05,688778,买入,39.3,39.34,200,7868.000000000001,5.0,8.00000000000125
2024-11-07,688778,卖出,51.0,50.94,200,10188.0,5.0,12.000000000000455
2024-11-08,688155,买入,41.72,41.77,100,4177.0,5.0,5.000000000000426
2024-11-11,301150,买入,26.79,26.82,200,5364.0,5.0,6.000000000000227
2024-11-11,300450,买入,24.43,24.46,200,4892.0,5.0,6.000000000000227
2024-11-11,002846,买入,8.58,8.59,700,6013.0,5.0,6.999999999999851
2024-11-14,301150,卖出,24.33,24.3,200,4860.0,5.0,5.999999999999517
2024-11-25,688155,卖出,43.74,43.69,100,4369.0,5.0,5.000000000000426
2024-11-28,002846,卖出,10.55,10.53,700,7371.0,5.0,14.000000000000945
2024-12-10,002203,卖出,10.8,10.78,700,7546.0,5.0,14.000000000000945
2024-12-11,300450,卖出,22.38,22.35,200,4470.0,5.0,5.999999999999517
2024-12-16,603663,卖出,16.96,16.94,500,8470.0,5.0,9.999999999999787
2024-12-18,002846,买入,8.68,8.69,1100,9559.0,5.0,10.999999999999766
2024-12-23,300285,卖出,17.73,17.71,300,5313.0,5.0,5.999999999999872
2024-12-31,688778,买入,45.64,45.69,200,9138.0,5.0,9.999999999999432
2025-01-03,688778,卖出,41.95,41.9,200,8380.0,5.0,10.000000000000853
2025-01-06,002846,卖出,7.97,7.96,1100,8756.0,5.0,10.999999999999766
2025-01-09,688778,买入,42.65,42.7,200,8540.0,5.0,10.000000000000853
2025-01-09,300450,买入,18.86,18.88,500,9440.0,5.0,9.999999999999787
2025-01-16,301150,买入,20.91,20.94,400,8376.0,5.0,12.000000000000455
2025-01-20,688147,买入,25.69,25.72,200,5144.0,5.0,5.999999999999517
2025-02-05,688147,卖出,24.8,24.77,200,4954.0,5.0,6.000000000000227
2025-02-07,603663,买入,18.07,18.09,400,7236.0,5.0,7.9999999999998295
2025-02-07,002846,买入,8.86,8.87,700,6208.999999999999,5.0,6.999999999999851
2025-02-18,300450,卖出,22.96,22.93,500,11465.0,5.0,15.000000000000568
2025-02-20,688155,买入,42.27,42.32,100,4232.0,5.0,4.999999999999716
2025-02-21,688778,卖出,51.61,51.55,200,10310.0,5.0,12.000000000000455
2025-02-26,603663,卖出,23.44,23.41,400,9364.0,5.0,12.000000000000455
2025-02-27,688778,买入,54.2,54.26,100,5426.0,5.0,5.999999999999517
2025-02-28,300450,买入,22.87,22.9,300,6870.0,5.0,8.999999999999275
2025-02-28,688155,卖出,45.89,45.84,100,4584.0,5.0,4.999999999999716
2025-03-05,300285,买入,19.29,19.31,400,7723.999999999999,5.0,7.9999999999998295
2025-03-07,688147,买入,31.52,31.56,200,6312.0,5.0,7.9999999999998295
2025-03-11,688778,卖出,52.85,52.79,100,5279.0,5.0,6.000000000000227
2025-03-11,002846,卖出,10.95,10.93,700,7651.0,5.0,13.999999999999702
2025-03-17,301150,卖出,22.22,22.19,400,8876.0,5.0,11.999999999999034
2025-03-21,688147,卖出,30.72,30.68,200,6136.0,5.0,7.9999999999998295
2025-03-25,301150,买入,20.51,20.54,400,8216.0,5.0,11.999999999999034
2025-03-25,688778,买入,46.36,46.41,100,4641.0,5.0,4.999999999999716
2025-03-25,688147,买入,31.55,31.59,200,6318.0,5.0,7.9999999999998295
2025-03-28,688155,买入,44.38,44.43,100,4443.0,5.0,4.999999999999716
2025-03-31,300450,卖出,21.03,21.0,300,6300.0,5.0,9.000000000000341
2025-04-01,002846,买入,8.91,8.92,800,7136.0,5.0,7.9999999999998295
2025-04-07,300285,卖出,16.19,16.17,400,6468.000000000001,5.0,7.9999999999998295
2025-04-07,301150,卖出,16.19,16.17,400,6468.000000000001,5.0,7.9999999999998295
2025-04-07,688778,卖出,41.11,41.06,100,4106.0,5.0,4.999999999999716
2025-04-07,688147,卖出,25.66,25.63,200,5126.0,5.0,6.000000000000227
2025-04-07,688155,卖出,35.7,35.66,100,3565.9999999999995,5.0,4.000000000000625
2025-04-07,002846,卖出,7.89,7.88,800,6304.0,5.0,7.9999999999998295
2025-04-08,300450,买入,17.62,17.64,500,8820.0,5.0,9.999999999999787
2025-04-08,688147,买入,26.66,26.69,300,8007.0,5.0,9.000000000000341
2025-04-08,002203,买入,8.78,8.79,900,7910.999999999999,5.0,8.999999999999808
2025-04-08,002846,买入,8.68,8.69,900,7821.0,5.0,8.999999999999808
2025-04-10,688155,买入,38.37,38.41,100,3840.9999999999995,5.0,3.9999999999999147
2025-04-16,300450,卖出,19.59,19.57,500,9785.0,5.0,9.999999999999787
2025-04-16,688155,卖出,39.94,39.9,100,3990.0,5.0,3.9999999999999147
2025-04-22,301150,买入,18.49,18.51,400,7404.000000000001,5.0,8.00000000000125
2025-04-23,688147,卖出,29.04,29.01,300,8703.0,5.0,8.999999999999275
2025-04-25,301150,卖出,19.09,19.07,400,7628.0,5.0,7.9999999999998295
2025-04-30,688147,买入,31.36,31.4,200,6280.0,5.0,7.9999999999998295
2025-04-30,002203,卖出,9.56,9.55,900,8595.0,5.0,8.999999999999808
2025-05-07,603663,买入,24.59,24.62,300,7386.0,5.0,9.000000000000341
2025-05-13,688778,买入,48.91,48.96,100,4896.0,5.0,5.000000000000426
2025-05-13,002846,卖出,10.49,10.47,900,9423.0,5.0,17.999999999999616
2025-05-21,002846,买入,10.72,10.74,800,8592.0,5.0,15.999999999999659
2025-05-23,688778,卖出,45.76,45.71,100,4571.0,5.0,4.999999999999716
2025-05-27,688147,卖出,28.8,28.77,200,5754.0,5.0,6.000000000000227
2025-05-29,688155,买入,42.84,42.89,200,8578.0,5.0,9.999999999999432
2025-05-30,301150,买入,20.83,20.86,300,6258.0,5.0,9.000000000000341
2025-06-06,301150,卖出,16.31,16.29,300,4887.0,5.0,5.999999999999872
2025-06-09,603663,卖出,24.24,24.21,300,7263.0,5.0,8.999999999999275
2025-06-09,002846,卖出,13.15,13.13,800,10504.0,5.0,15.999999999999659
2025-06-10,603663,买入,24.11,24.14,400,9656.0,5.0,12.000000000000455
2025-06-24,002846,买入,16.4,16.42,500,8210.0,5.0,10.000000000001563
2025-06-24,688155,卖出,54.0,53.94,200,10788.0,5.0,12.000000000000455
2025-06-25,688155,买入,54.03,54.09,100,5409.0,5.0,6.000000000000227
2025-06-25,688147,买入,29.62,29.65,200,5930.0,5.0,5.999999999999517
2025-06-30,002846,卖出,19.96,19.94,500,9970.0,5.0,9.999999999999787
2025-07-07,688155,卖出,49.18,49.13,100,4913.0,5.0,4.999999999999716
2025-07-10,301150,买入,23.68,23.71,400,9484.0,5.0,12.000000000000455
2025-07-10,300285,买入,18.5,18.52,400,7408.0,5.0,7.9999999999998295
2025-07-15,300450,买入,23.99,24.02,300,7206.0,5.0,9.000000000000341
2025-07-18,002846,买入,16.55,16.57,400,6628.0,5.0,7.9999999999998295
2025-07-21,002203,买入,10.87,10.89,500,5445.0,5.0,10.000000000000675
2025-07-23,301150,卖出,21.66,21.63,400,8652.0,5.0,12.000000000000455
2025-07-29,301150,买入,26.96,26.99,200,5398.0,5.0,5.999999999999517
2025-07-29,603663,卖出,29.03,29.0,400,11600.0,5.0,12.000000000000455
2025-08-12,688778,买入,51.2,51.26,100,5126.0,5.0,5.999999999999517
2025-08-14,002846,卖出,15.23,15.21,400,6084.0,5.0,7.9999999999998295
2025-08-15,688147,卖出,34.5,34.46,200,6892.0,5.0,7.9999999999998295
2025-08-15,002203,卖出,13.35,13.33,500,6665.0,5.0,9.999999999999787
2025-08-19,688147,买入,37.35,37.39,200,7478.0,5.0,7.9999999999998295
2025-08-19,300285,卖出,21.07,21.04,400,8416.0,5.0,12.000000000000455
2025-08-22,300450,卖出,29.09,29.06,300,8718.0,5.0,9.000000000000341
2025-08-26,300285,买入,21.74,21.77,400,8708.0,5.0,12.000000000000455
2025-09-01,688155,买入,66.82,66.89,100,6689.0,5.0,7.000000000000739
2025-09-01,688147,卖出,44.93,44.88,200,8976.0,5.0,9.999999999999432
2025-09-02,603663,买入,27.69,27.72,300,8316.0,5.0,8.999999999999275
2025-09-02,002846,买入,20.15,20.18,400,8072.0,5.0,12.000000000000455
2025-09-03,002203,买入,11.66,11.68,600,7008.0,5.0,11.999999999999744
2025-09-05,301150,卖出,32.56,32.52,200,6504.000000000001,5.0,7.9999999999998295
2025-09-05,688778,卖出,68.41,68.34,100,6834.0,5.0,6.999999999999318
2025-09-08,301150,买入,36.06,36.1,200,7220.0,5.0,7.9999999999998295
2025-09-09,688147,买入,45.98,46.03,100,4603.0,5.0,5.000000000000426
2025-09-15,301150,卖出,43.92,43.87,200,8774.0,5.0,10.000000000000853
2025-09-17,300285,卖出,23.07,23.04,400,9216.0,5.0,12.000000000000455
2025-09-18,002203,卖出,12.36,12.34,600,7404.0,5.0,11.999999999999744
2025-09-23,301150,买入,41.93,41.98,200,8396.0,5.0,9.999999999999432
2025-09-24,300450,买入,67.9,67.97,100,6797.0,5.0,6.999999999999318
2025-09-24,688147,卖出,57.4,57.34,100,5734.0,5.0,5.999999999999517
2025-09-25,688778,买入,84.39,84.48,100,8448.0,5.0,9.000000000000341
2025-09-25,688147,买入,54.34,54.4,100,5440.0,5.0,5.999999999999517
2025-09-25,002203,买入,12.87,12.89,500,6445.0,5.0,10.000000000000675
2025-09-26,002846,卖出,18.31,18.29,400,7316.0,5.0,7.9999999999998295
2025-09-26,301150,卖出,37.7,37.66,200,7531.999999999999,5.0,8.00000000000125
2025-09-30,300450,卖出,62.22,62.15,100,6215.0,5.0,7.000000000000028
2025-10-14,688778,卖出,76.1,76.02,100,7602.0,5.0,7.9999999999998295
2025-10-17,603663,卖出,25.03,25.0,300,7500.0,5.0,9.000000000000341
2025-10-17,688147,卖出,48.05,48.0,100,4800.0,5.0,4.999999999999716
2025-10-23,300450,买入,53.99,54.05,100,5405.0,5.0,5.999999999999517
2025-10-31,688155,卖出,64.28,64.21,100,6420.999999999999,5.0,7.000000000000739
2025-10-31,002203,卖出,11.51,11.49,500,5745.0,5.0,9.999999999999787
2025-11-03,002203,买入,10.95,10.97,1000,10970.0,5.0,20.00000000000135
2025-11-07,688778,买入,83.8,83.89,100,8389.0,5.0,9.000000000000341
2025-11-11,688778,卖出,75.55,75.47,100,7547.0,5.0,7.9999999999998295
2025-11-12,002203,卖出,11.18,11.16,1000,11160.0,5.0,19.999999999999574
2025-11-12,300450,卖出,49.58,49.53,100,4953.0,5.0,4.999999999999716
2025-11-17,301150,买入,62.74,62.81,100,6281.0,5.0,7.000000000000028
2025-11-17,688147,买入,59.48,59.54,100,5954.0,5.0,6.000000000000227
2025-11-18,688155,买入,64.99,65.06,100,6506.0,5.0,7.000000000000739
2025-11-18,301150,卖出,55.1,55.04,100,5504.0,5.0,6.000000000000227
2025-11-19,301150,买入,52.36,52.42,100,5242.0,5.0,6.000000000000227
2025-11-21,688147,卖出,53.36,53.3,100,5330.0,5.0,6.000000000000227
2025-11-21,688155,卖出,58.04,57.98,100,5798.0,5.0,6.000000000000227
2025-11-21,301150,卖出,44.08,44.03,100,4403.0,5.0,4.999999999999716
2025-12-01,688147,买入,64.87,64.94,100,6494.0,5.0,6.999999999999318
2025-12-02,603663,买入,32.24,32.28,300,9684.0,5.0,11.999999999999744
2025-12-04,002203,买入,11.77,11.79,800,9432.0,5.0,15.999999999999659
2025-12-05,688778,买入,71.9,71.98,100,7198.0,5.0,7.9999999999998295
2025-12-08,301150,买入,43.92,43.97,100,4397.0,5.0,4.999999999999716
2025-12-08,002846,买入,16.24,16.26,400,6504.000000000001,5.0,8.00000000000125
2025-12-11,300285,买入,23.33,23.36,300,7008.0,5.0,9.000000000000341
2025-12-15,603663,卖出,36.01,35.97,300,10791.0,5.0,11.999999999999744
2025-12-15,300285,卖出,28.55,28.52,300,8556.0,5.0,9.000000000000341
2025-12-15,301150,卖出,40.25,40.2,100,4020.0000000000005,5.0,4.999999999999716
2025-12-16,002846,卖出,15.3,15.28,400,6112.0,5.0,8.00000000000054
2025-12-17,688778,卖出,73.3,73.22,100,7322.0,5.0,7.9999999999998295
2025-12-23,300450,买入,49.73,49.78,200,9956.0,5.0,10.000000000000853
2025-12-25,300285,买入,28.47,28.5,300,8550.0,5.0,9.000000000000341
2025-12-26,301150,买入,42.8,42.85,100,4285.0,5.0,5.000000000000426
2026-01-06,002203,卖出,13.13,13.11,800,10488.0,5.0,16.00000000000108
2026-01-07,688778,买入,81.65,81.74,100,8173.999999999999,5.0,8.99999999999892
2026-01-08,603663,买入,35.99,36.03,200,7206.0,5.0,7.9999999999998295
2026-01-12,301150,卖出,45.07,45.02,100,4502.0,5.0,4.999999999999716
2026-01-12,002203,买入,14.41,14.43,500,7215.0,5.0,9.999999999999787
2026-01-12,300285,卖出,36.26,36.22,300,10866.0,5.0,11.999999999999744
2026-01-15,688147,卖出,75.22,75.14,100,7514.0,5.0,7.9999999999998295
2026-01-15,002846,买入,18.0,18.02,400,7208.0,5.0,7.9999999999998295
2026-01-15,300450,卖出,60.35,60.28,200,12056.0,5.0,14.000000000000057
2026-01-16,301150,买入,46.0,46.05,200,9210.0,5.0,9.999999999999432
2026-01-16,300450,买入,60.4,60.47,100,6047.0,5.0,7.000000000000028
2026-01-16,002203,卖出,15.17,15.15,500,7575.0,5.0,9.999999999999787
2026-01-19,688147,买入,77.98,78.06,100,7806.0,5.0,7.9999999999998295
2026-01-20,688778,卖出,91.61,91.51,100,9151.0,5.0,9.999999999999432
2026-01-28,603663,卖出,44.3,44.25,200,8850.0,5.0,9.999999999999432
2026-01-29,301150,卖出,41.72,41.67,200,8334.0,5.0,9.999999999999432
2026-01-29,002846,卖出,16.4,16.38,400,6552.0,5.0,7.9999999999998295
2026-01-29,688147,卖出,71.2,71.12,100,7112.0,5.0,7.9999999999998295
2026-02-04,688155,买入,97.24,97.34,100,9734.0,5.0,10.000000000000853
2026-02-11,688778,买入,84.4,84.49,100,8449.0,5.0,8.99999999999892
2026-02-11,300450,卖出,55.35,55.29,100,5529.0,5.0,6.000000000000227
2026-02-12,688147,买入,82.9,82.99,100,8299.0,5.0,8.99999999999892
2026-02-24,688155,卖出,88.87,88.78,100,8878.0,5.0,9.000000000000341
2026-02-27,603663,买入,47.83,47.88,200,9576.0,5.0,10.000000000000853
2026-03-03,688778,卖出,77.33,77.25,100,7725.0,5.0,7.9999999999998295
2026-03-06,300450,买入,50.14,50.2,200,10040.0,5.0,12.000000000000455
2026-03-09,301150,买入,48.25,48.3,100,4830.0,5.0,4.999999999999716
2026-03-09,688147,卖出,74.95,74.87,100,7487.0,5.0,7.9999999999998295
2026-03-11,688155,买入,85.8,85.89,100,8589.0,5.0,9.000000000000341
2026-03-16,688155,卖出,82.48,82.39,100,8239.0,5.0,9.000000000000341
2026-03-19,603663,卖出,43.2,43.15,200,8630.0,5.0,10.000000000000853
2026-03-23,603663,买入,40.49,40.54,200,8108.0,5.0,9.999999999999432
2026-04-07,300450,卖出,47.55,47.5,200,9500.0,5.0,9.999999999999432
2026-04-08,603663,卖出,42.75,42.7,200,8540.0,5.0,9.999999999999432
2026-04-09,688778,买入,72.12,72.2,100,7220.0,5.0,7.9999999999998295
2026-04-09,688155,买入,78.38,78.46,100,7845.999999999999,5.0,7.9999999999998295
2026-04-10,688778,卖出,75.82,75.74,100,7573.999999999999,5.0,7.9999999999998295
2026-04-13,300285,买入,34.23,34.27,300,10281.000000000002,5.0,12.000000000001876
2026-04-13,301150,卖出,58.36,58.3,100,5830.0,5.0,6.000000000000227
2026-04-17,002203,买入,17.39,17.41,500,8705.0,5.0,9.999999999999787
2026-04-30,301150,买入,68.52,68.59,100,6859.0,5.0,7.000000000000739
2026-04-30,688155,卖出,103.57,103.46,100,10346.0,5.0,10.999999999999943
