date,total_value
2019-01-02,100000.0
2019-01-03,100000.0
2019-01-04,100000.0
2019-01-07,100000.0
2019-01-08,100000.0
2019-01-09,100000.0
2019-01-10,100000.0
2019-01-11,100000.0
2019-01-14,100000.0
2019-01-15,100000.0
2019-01-16,100000.0
2019-01-17,100000.0
2019-01-18,100000.0
2019-01-21,100000.0
2019-01-22,100000.0
2019-01-23,100000.0
2019-01-24,100000.0
2019-01-25,100000.0
2019-01-28,100000.0
2019-01-29,100000.0
2019-01-30,100000.0
2019-01-31,100000.0
2019-02-01,100000.0
2019-02-11,100000.0
2019-02-12,100000.0
2019-02-13,100000.0
2019-02-14,100000.0
2019-02-15,100000.0
2019-02-18,100000.0
2019-02-19,100000.0
2019-02-20,100000.0
2019-02-21,100000.0
2019-02-22,100000.0
2019-02-25,100000.0
2019-02-26,100000.0
2019-02-27,100000.0
2019-02-28,100000.0
2019-03-01,100000.0
2019-03-04,100000.0
2019-03-05,100000.0
2019-03-06,100000.0
2019-03-07,100000.0
2019-03-08,100000.0
2019-03-11,100000.0
2019-03-12,100000.0
2019-03-13,100000.0
2019-03-14,100000.0
2019-03-15,100000.0
2019-03-18,100000.0
2019-03-19,100000.0
2019-03-20,100000.0
2019-03-21,100000.0
2019-03-22,100000.0
2019-03-25,100000.0
2019-03-26,100000.0
2019-03-27,100000.0
2019-03-28,100000.0
2019-03-29,100000.0
2019-04-01,100000.0
2019-04-02,100000.0
2019-04-03,100000.0
2019-04-04,100000.0
2019-04-08,100000.0
2019-04-09,100000.0
2019-04-10,100000.0
2019-04-11,100000.0
2019-04-12,100000.0
2019-04-15,100000.0
2019-04-16,100000.0
2019-04-17,100000.0
2019-04-18,100000.0
2019-04-19,100000.0
2019-04-22,100000.0
2019-04-23,100000.0
2019-04-24,100000.0
2019-04-25,100000.0
2019-04-26,100000.0
2019-04-29,100000.0
2019-04-30,100000.0
2019-05-06,100000.0
2019-05-07,100000.0
2019-05-08,100000.0
2019-05-09,100000.0
2019-05-10,100000.0
2019-05-13,100000.0
2019-05-14,100000.0
2019-05-15,100000.0
2019-05-16,100000.0
2019-05-17,100000.0
2019-05-20,100000.0
2019-05-21,100000.0
2019-05-22,100000.0
2019-05-23,100000.0
2019-05-24,100000.0
2019-05-27,100000.0
2019-05-28,100000.0
2019-05-29,100000.0
2019-05-30,100000.0
2019-05-31,100000.0
2019-06-03,100000.0
2019-06-04,100000.0
2019-06-05,100000.0
2019-06-06,100000.0
2019-06-10,100000.0
2019-06-11,100000.0
2019-06-12,100000.0
2019-06-13,100000.0
2019-06-14,100000.0
2019-06-17,100000.0
2019-06-18,100000.0
2019-06-19,100000.0
2019-06-20,100000.0
2019-06-21,100000.0
2019-06-24,100000.0
2019-06-25,100364.0
2019-06-26,99977.0
2019-06-27,100067.0
2019-06-28,100085.0
2019-07-01,100166.0
2019-07-02,100202.0
2019-07-03,100166.0
2019-07-04,100175.0
2019-07-05,99936.0
2019-07-08,99936.0
2019-07-09,99936.0
2019-07-10,99936.0
2019-07-11,100015.0
2019-07-12,99917.0
2019-07-15,100274.0
2019-07-16,100176.0
2019-07-17,100029.0
2019-07-18,99840.0
2019-07-19,99729.0
2019-07-22,99455.0
2019-07-23,99596.0
2019-07-24,99779.0
2019-07-25,100067.0
2019-07-26,99995.0
2019-07-29,100412.0
2019-07-30,100229.0
2019-07-31,99650.0
2019-08-01,99969.0
2019-08-02,99600.0
2019-08-05,99254.0
2019-08-06,98692.0
2019-08-07,98762.0
2019-08-08,98695.0
2019-08-09,98240.0
2019-08-12,97950.0
2019-08-13,98300.0
2019-08-14,97940.0
2019-08-15,98129.0
2019-08-16,98327.0
2019-08-19,99224.0
2019-08-20,99435.0
2019-08-21,99565.0
2019-08-22,99634.0
2019-08-23,99897.0
2019-08-26,98925.0
2019-08-27,98954.0
2019-08-28,98654.0
2019-08-29,98694.0
2019-08-30,98700.0
2019-09-02,98886.0
2019-09-03,99099.0
2019-09-04,99047.0
2019-09-05,99158.0
2019-09-06,99131.0
2019-09-09,100420.0
2019-09-10,100094.0
2019-09-11,99927.0
2019-09-12,100115.0
2019-09-16,100125.0
2019-09-17,99445.0
2019-09-18,99560.0
2019-09-19,99683.0
2019-09-20,100073.0
2019-09-23,99447.0
2019-09-24,99470.0
2019-09-25,99408.0
2019-09-26,98571.0
2019-09-27,98607.0
2019-09-30,98566.0
2019-10-08,98712.0
2019-10-09,98512.0
2019-10-10,98860.0
2019-10-11,98746.0
2019-10-14,98642.0
2019-10-15,98614.0
2019-10-16,98496.0
2019-10-17,98354.0
2019-10-18,98058.0
2019-10-21,98124.0
2019-10-22,98390.0
2019-10-23,98079.0
2019-10-24,98073.0
2019-10-25,98133.0
2019-10-28,98115.0
2019-10-29,97959.0
2019-10-30,97755.0
2019-10-31,97719.0
2019-11-01,97695.0
2019-11-04,97689.0
2019-11-05,97743.0
2019-11-06,97911.0
2019-11-07,98085.0
2019-11-08,98025.0
2019-11-11,97953.0
2019-11-12,97965.0
2019-11-13,98187.0
2019-11-14,98199.0
2019-11-15,98169.0
2019-11-18,98325.0
2019-11-19,98342.0
2019-11-20,98306.0
2019-11-21,98412.0
2019-11-22,98973.0
2019-11-25,98797.0
2019-11-26,99213.0
2019-11-27,99225.0
2019-11-28,99253.0
2019-11-29,99073.0
2019-12-02,99071.0
2019-12-03,98848.0
2019-12-04,98960.0
2019-12-05,99208.0
2019-12-06,99292.0
2019-12-09,99586.0
2019-12-10,99394.0
2019-12-11,99271.0
2019-12-12,98991.0
2019-12-13,98778.0
2019-12-16,99264.0
2019-12-17,100516.0
2019-12-18,100540.0
2019-12-19,100798.0
2019-12-20,100762.0
2019-12-23,100724.0
2019-12-24,101514.0
2019-12-25,101682.0
2019-12-26,101743.0
2019-12-27,101505.0
2019-12-30,101499.0
2019-12-31,101429.0
2020-01-02,101565.0
2020-01-03,101547.0
2020-01-06,101693.0
2020-01-07,101617.0
2020-01-08,101275.0
2020-01-09,101589.0
2020-01-10,101156.0
2020-01-13,101581.0
2020-01-14,101685.0
2020-01-15,100958.0
2020-01-16,100714.0
2020-01-17,100637.0
2020-01-20,100953.0
2020-01-21,100504.0
2020-01-22,101141.0
2020-01-23,100029.0
2020-02-03,96997.0
2020-02-04,97484.0
2020-02-05,97827.0
2020-02-06,97762.0
2020-02-07,97406.0
2020-02-10,98302.0
2020-02-11,98385.0
2020-02-12,99254.0
2020-02-13,99190.0
2020-02-14,99214.0
2020-02-17,99398.0
2020-02-18,99454.0
2020-02-19,99366.0
2020-02-20,99478.0
2020-02-21,99414.0
2020-02-24,99539.0
2020-02-25,99941.0
2020-02-26,99585.0
2020-02-27,100222.0
2020-02-28,99568.0
2020-03-02,99600.0
2020-03-03,99593.0
2020-03-04,99478.0
2020-03-05,99562.0
2020-03-06,99434.0
2020-03-09,99210.0
2020-03-10,99418.0
2020-03-11,99194.0
2020-03-12,99058.0
2020-03-13,99066.0
2020-03-16,98834.0
2020-03-17,98834.0
2020-03-18,98738.0
2020-03-19,98770.0
2020-03-20,99361.0
2020-03-23,98891.0
2020-03-24,99125.0
2020-03-25,100412.0
2020-03-26,99758.0
2020-03-27,99648.0
2020-03-30,98854.0
2020-03-31,99103.0
2020-04-01,99041.0
2020-04-02,100609.0
2020-04-03,100799.0
2020-04-07,101763.0
2020-04-08,100775.0
2020-04-09,100250.0
2020-04-10,100072.0
2020-04-13,100070.0
2020-04-14,100430.0
2020-04-15,100298.0
2020-04-16,100530.0
2020-04-17,100560.0
2020-04-20,100774.0
2020-04-21,100454.0
2020-04-22,100390.0
2020-04-23,100636.0
2020-04-24,100135.0
2020-04-27,100584.0
2020-04-28,100460.0
2020-04-29,99884.0
2020-04-30,99992.0
2020-05-06,100538.0
2020-05-07,100159.0
2020-05-08,100280.0
2020-05-11,100371.0
2020-05-12,100756.0
2020-05-13,100496.0
2020-05-14,100352.0
2020-05-15,100501.0
2020-05-18,100197.0
2020-05-19,100211.0
2020-05-20,99969.0
2020-05-21,99877.0
2020-05-22,99952.0
2020-05-25,100135.0
2020-05-26,100361.0
2020-05-27,100219.0
2020-05-28,100494.0
2020-05-29,100384.0
2020-06-01,100853.0
2020-06-02,100519.0
2020-06-03,100524.0
2020-06-04,100523.0
2020-06-05,100527.0
2020-06-08,100310.0
2020-06-09,100397.0
2020-06-10,100330.0
2020-06-11,100332.0
2020-06-12,100443.0
2020-06-15,100533.0
2020-06-16,100666.0
2020-06-17,100927.0
2020-06-18,100940.0
2020-06-19,100739.0
2020-06-22,100767.0
2020-06-23,100300.0
2020-06-24,100257.0
2020-06-29,100056.0
2020-06-30,100113.0
2020-07-01,100032.0
2020-07-02,100057.0
2020-07-03,100114.0
2020-07-06,100328.0
2020-07-07,100383.0
2020-07-08,100380.0
2020-07-09,100515.0
2020-07-10,100642.0
2020-07-13,100801.0
2020-07-14,100504.0
2020-07-15,100490.0
2020-07-16,100356.0
2020-07-17,100307.0
2020-07-20,100387.0
2020-07-21,100542.0
2020-07-22,100449.0
2020-07-23,100499.0
2020-07-24,99792.0
2020-07-27,99686.0
2020-07-28,100306.0
2020-07-29,100441.0
2020-07-30,100788.0
2020-07-31,100686.0
2020-08-03,100987.0
2020-08-04,101122.0
2020-08-05,100971.0
2020-08-06,100843.0
2020-08-07,100548.0
2020-08-10,101145.0
2020-08-11,100958.0
2020-08-12,101212.0
2020-08-13,101308.0
2020-08-14,101307.0
2020-08-17,101943.0
2020-08-18,101723.0
2020-08-19,101887.0
2020-08-20,101453.0
2020-08-21,101628.0
2020-08-24,101414.0
2020-08-25,101294.0
2020-08-26,101063.0
2020-08-27,100825.0
2020-08-28,100929.0
2020-08-31,100980.0
2020-09-01,101044.0
2020-09-02,101232.0
2020-09-03,100742.0
2020-09-04,100517.0
2020-09-07,100137.0
2020-09-08,100180.0
2020-09-09,99172.0
2020-09-10,98385.0
2020-09-11,98727.0
2020-09-14,98661.0
2020-09-15,98565.0
2020-09-16,98541.0
2020-09-17,98602.0
2020-09-18,98602.0
2020-09-21,98602.0
2020-09-22,98602.0
2020-09-23,98602.0
2020-09-24,98602.0
2020-09-25,98602.0
2020-09-28,98602.0
2020-09-29,98602.0
2020-09-30,98602.0
2020-10-09,98602.0
2020-10-12,98602.0
2020-10-13,98602.0
2020-10-14,98602.0
2020-10-15,98602.0
2020-10-16,98602.0
2020-10-19,98456.0
2020-10-20,98591.0
2020-10-21,98483.0
2020-10-22,98618.0
2020-10-23,98428.0
2020-10-26,98868.0
2020-10-27,98868.0
2020-10-28,98876.0
2020-10-29,98919.0
2020-10-30,99065.0
2020-11-02,99668.0
2020-11-03,99589.0
2020-11-04,99706.0
2020-11-05,100186.0
2020-11-06,99267.0
2020-11-09,99267.0
2020-11-10,99267.0
2020-11-11,99267.0
2020-11-12,99267.0
2020-11-13,99267.0
2020-11-16,99442.0
2020-11-17,99250.0
2020-11-18,99430.0
2020-11-19,99274.0
2020-11-20,99478.0
2020-11-23,99706.0
2020-11-24,99670.0
2020-11-25,99502.0
2020-11-26,99586.0
2020-11-27,99514.0
2020-11-30,99574.0
2020-12-01,99682.0
2020-12-02,99622.0
2020-12-03,99538.0
2020-12-04,99718.0
2020-12-07,99682.0
2020-12-08,99706.0
2020-12-09,99478.0
2020-12-10,99382.0
2020-12-11,99010.0
2020-12-14,98986.0
2020-12-15,99070.0
2020-12-16,98853.0
2020-12-17,99091.0
2020-12-18,98917.0
2020-12-21,99523.0
2020-12-22,99093.0
2020-12-23,99055.0
2020-12-24,98847.0
2020-12-25,99209.0
2020-12-28,99052.0
2020-12-29,98584.0
2020-12-30,98662.0
2020-12-31,98774.0
2021-01-04,99310.0
2021-01-05,99220.0
2021-01-06,99172.0
2021-01-07,99592.0
2021-01-08,99116.0
2021-01-11,98926.0
2021-01-12,99277.0
2021-01-13,98480.0
2021-01-14,98406.0
2021-01-15,98356.0
2021-01-18,98303.0
2021-01-19,98356.0
2021-01-20,99426.0
2021-01-21,100645.0
2021-01-22,100961.0
2021-01-25,102221.0
2021-01-26,102387.0
2021-01-27,101944.0
2021-01-28,101254.0
2021-01-29,100963.0
2021-02-01,101378.0
2021-02-02,101531.0
2021-02-03,101329.0
2021-02-04,101664.0
2021-02-05,101322.0
2021-02-08,101810.0
2021-02-09,101573.0
2021-02-10,102721.0
2021-02-18,103955.0
2021-02-19,104263.0
2021-02-22,104262.0
2021-02-23,103617.0
2021-02-24,103900.0
2021-02-25,104169.0
2021-02-26,104215.0
2021-03-01,104781.0
2021-03-02,104575.0
2021-03-03,104142.0
2021-03-04,103838.0
2021-03-05,103978.0
2021-03-08,104102.0
2021-03-09,104074.0
2021-03-10,103174.0
2021-03-11,103845.0
2021-03-12,104024.0
2021-03-15,103371.0
2021-03-16,103655.0
2021-03-17,104353.0
2021-03-18,104279.0
2021-03-19,104469.0
2021-03-22,104516.0
2021-03-23,103986.0
2021-03-24,102969.0
2021-03-25,102969.0
2021-03-26,102969.0
2021-03-29,102969.0
2021-03-30,102969.0
2021-03-31,102969.0
2021-04-01,102969.0
2021-04-02,102969.0
2021-04-06,102969.0
2021-04-07,102969.0
2021-04-08,102969.0
2021-04-09,102969.0
2021-04-12,102969.0
2021-04-13,102969.0
2021-04-14,102969.0
2021-04-15,102913.0
2021-04-16,102625.0
2021-04-19,103160.0
2021-04-20,103100.0
2021-04-21,103457.0
2021-04-22,103364.0
2021-04-23,102891.0
2021-04-26,102968.0
2021-04-27,103011.0
2021-04-28,103359.0
2021-04-29,103372.0
2021-04-30,104606.0
2021-05-06,104523.0
2021-05-07,104098.0
2021-05-10,103590.0
2021-05-11,103165.0
2021-05-12,102985.0
2021-05-13,102659.0
2021-05-14,102750.0
2021-05-17,102274.0
2021-05-18,102568.0
2021-05-19,102512.0
2021-05-20,102491.0
2021-05-21,102554.0
2021-05-24,102617.0
2021-05-25,102554.0
2021-05-26,102344.0
2021-05-27,102466.0
2021-05-28,102070.0
2021-05-31,102479.0
2021-06-01,102705.0
2021-06-02,102192.0
2021-06-03,102203.0
2021-06-04,102095.0
2021-06-07,101965.0
2021-06-08,101934.0
2021-06-09,101793.0
2021-06-10,102118.0
2021-06-11,102722.0
2021-06-15,102837.0
2021-06-16,101747.0
2021-06-17,102019.0
2021-06-18,102568.0
2021-06-21,103111.0
2021-06-22,103353.0
2021-06-23,103431.0
2021-06-24,103408.0
2021-06-25,103375.0
2021-06-28,104515.0
2021-06-29,104355.0
2021-06-30,104351.0
2021-07-01,104154.0
2021-07-02,104154.0
2021-07-05,104234.0
2021-07-06,104143.0
2021-07-07,104486.0
2021-07-08,104569.0
2021-07-09,104714.0
2021-07-12,105255.0
2021-07-13,105255.0
2021-07-14,105255.0
2021-07-15,105679.0
2021-07-16,105217.0
2021-07-19,105451.0
2021-07-20,105330.0
2021-07-21,105478.0
2021-07-22,106074.0
2021-07-23,106383.0
2021-07-26,106220.0
2021-07-27,105754.0
2021-07-28,105882.0
2021-07-29,106096.0
2021-07-30,106392.0
2021-08-02,106970.0
2021-08-03,107485.0
2021-08-04,107940.0
2021-08-05,107441.0
2021-08-06,107343.0
2021-08-09,107223.0
2021-08-10,107296.0
2021-08-11,106811.0
2021-08-12,106526.0
2021-08-13,107084.0
2021-08-16,106634.0
2021-08-17,105978.0
2021-08-18,105755.0
2021-08-19,105666.0
2021-08-20,105155.0
2021-08-23,105551.0
2021-08-24,105431.0
2021-08-25,106405.0
2021-08-26,106055.0
2021-08-27,105334.0
2021-08-30,105651.0
2021-08-31,105912.0
2021-09-01,105435.0
2021-09-02,105383.0
2021-09-03,104682.0
2021-09-06,104544.0
2021-09-07,104904.0
2021-09-08,104850.0
2021-09-09,105177.0
2021-09-10,105099.0
2021-09-13,105486.0
2021-09-14,104726.0
2021-09-15,104726.0
2021-09-16,104726.0
2021-09-17,104726.0
2021-09-22,104726.0
2021-09-23,104726.0
2021-09-24,104726.0
2021-09-27,104726.0
2021-09-28,104726.0
2021-09-29,104726.0
2021-09-30,104726.0
2021-10-08,104726.0
2021-10-11,104726.0
2021-10-12,104726.0
2021-10-13,104726.0
2021-10-14,104726.0
2021-10-15,104726.0
2021-10-18,104726.0
2021-10-19,104726.0
2021-10-20,104726.0
2021-10-21,104726.0
2021-10-22,104726.0
2021-10-25,104577.0
2021-10-26,104713.0
2021-10-27,104849.0
2021-10-28,104374.0
2021-10-29,105045.0
2021-11-01,105126.0
2021-11-02,106128.0
2021-11-03,106046.0
2021-11-04,106137.0
2021-11-05,106878.0
2021-11-08,106936.0
2021-11-09,107006.0
2021-11-10,106987.0
2021-11-11,106935.0
2021-11-12,107348.0
2021-11-15,106777.0
2021-11-16,106566.0
2021-11-17,106592.0
2021-11-18,106384.0
2021-11-19,106266.0
2021-11-22,106451.0
2021-11-23,106714.0
2021-11-24,106217.0
2021-11-25,106114.0
2021-11-26,106239.0
2021-11-29,106373.0
2021-11-30,106551.0
2021-12-01,106799.0
2021-12-02,106652.0
2021-12-03,106682.0
2021-12-06,106251.0
2021-12-07,105755.0
2021-12-08,106220.0
2021-12-09,106072.0
2021-12-10,106410.0
2021-12-13,105672.0
2021-12-14,106232.0
2021-12-15,106230.0
2021-12-16,106404.0
2021-12-17,105851.0
2021-12-20,105425.0
2021-12-21,105385.0
2021-12-22,105500.0
2021-12-23,105296.0
2021-12-24,104861.0
2021-12-27,105225.0
2021-12-28,105106.0
2021-12-29,105248.0
2021-12-30,105399.0
2021-12-31,105656.0
2022-01-04,105338.0
2022-01-05,104585.0
2022-01-06,104517.0
2022-01-07,103887.0
2022-01-10,104074.0
2022-01-11,104135.0
2022-01-12,104223.0
2022-01-13,104168.0
2022-01-14,104479.0
2022-01-17,104336.0
2022-01-18,104226.0
2022-01-19,104259.0
2022-01-20,104006.0
2022-01-21,104006.0
2022-01-24,103841.0
2022-01-25,103533.0
2022-01-26,103544.0
2022-01-27,103368.0
2022-01-28,103456.0
2022-02-07,103400.0
2022-02-08,103498.0
2022-02-09,103610.0
2022-02-10,103568.0
2022-02-11,103400.0
2022-02-14,103484.0
2022-02-15,103386.0
2022-02-16,103498.0
2022-02-17,103456.0
2022-02-18,103470.0
2022-02-21,103624.0
2022-02-22,103526.0
2022-02-23,103694.0
2022-02-24,103386.0
2022-02-25,103414.0
2022-02-28,103358.0
2022-03-01,103568.0
2022-03-02,103610.0
2022-03-03,103736.0
2022-03-04,103638.0
2022-03-07,103498.0
2022-03-08,103767.0
2022-03-09,102921.0
2022-03-10,103801.0
2022-03-11,103865.0
2022-03-14,103130.0
2022-03-15,101555.0
2022-03-16,102494.0
2022-03-17,103134.0
2022-03-18,103009.0
2022-03-21,103227.0
2022-03-22,103204.0
2022-03-23,103527.0
2022-03-24,103198.0
2022-03-25,103175.0
2022-03-28,103050.0
2022-03-29,103251.0
2022-03-30,103663.0
2022-03-31,103576.0
2022-04-01,103555.0
2022-04-06,102895.0
2022-04-07,102547.0
2022-04-08,102605.0
2022-04-11,102128.0
2022-04-12,102130.0
2022-04-13,101875.0
2022-04-14,101966.0
2022-04-15,102234.0
2022-04-18,102203.0
2022-04-19,102476.0
2022-04-20,102090.0
2022-04-21,101519.0
2022-04-22,101923.0
2022-04-25,99402.0
2022-04-26,98964.0
2022-04-27,99984.0
2022-04-28,99580.0
2022-04-29,100227.0
2022-05-05,100258.0
2022-05-06,100195.0
2022-05-09,100252.0
2022-05-10,100617.0
2022-05-11,100922.0
2022-05-12,101000.0
2022-05-13,101065.0
2022-05-16,101026.0
2022-05-17,101000.0
2022-05-18,101065.0
2022-05-19,101117.0
2022-05-20,101156.0
2022-05-23,101416.0
2022-05-24,101918.0
2022-05-25,101918.0
2022-05-26,101918.0
2022-05-27,101302.0
2022-05-30,101891.0
2022-05-31,101928.0
2022-06-01,102346.0
2022-06-02,102323.0
2022-06-06,103647.0
2022-06-07,103593.0
2022-06-08,103265.0
2022-06-09,102439.0
2022-06-10,102925.0
2022-06-13,103023.0
2022-06-14,102742.0
2022-06-15,102332.0
2022-06-16,102847.0
2022-06-17,104527.0
2022-06-20,104303.0
2022-06-21,103751.0
2022-06-22,104838.0
2022-06-23,105212.0
2022-06-24,105448.0
2022-06-27,105223.0
2022-06-28,105993.0
2022-06-29,105975.0
2022-06-30,106115.0
2022-07-01,105655.0
2022-07-04,105965.0
2022-07-05,105671.0
2022-07-06,104978.0
2022-07-07,105185.0
2022-07-08,105007.0
2022-07-11,105364.0
2022-07-12,103016.0
2022-07-13,102864.0
2022-07-14,103389.0
2022-07-15,102824.0
2022-07-18,103118.0
2022-07-19,103048.0
2022-07-20,103174.0
2022-07-21,103330.0
2022-07-22,103260.0
2022-07-25,103358.0
2022-07-26,104149.0
2022-07-27,105117.0
2022-07-28,105117.0
2022-07-29,105096.0
2022-08-01,105131.0
2022-08-02,105110.0
2022-08-03,104921.0
2022-08-04,104942.0
2022-08-05,104991.0
2022-08-08,105019.0
2022-08-09,105072.0
2022-08-10,104885.0
2022-08-11,104893.0
2022-08-12,104642.0
2022-08-15,104656.0
2022-08-16,104802.0
2022-08-17,104669.0
2022-08-18,104879.0
2022-08-19,103859.0
2022-08-22,104487.0
2022-08-23,104076.0
2022-08-24,103205.0
2022-08-25,103041.0
2022-08-26,103007.0
2022-08-29,103021.0
2022-08-30,102951.0
2022-08-31,102531.0
2022-09-01,102307.0
2022-09-02,102300.0
2022-09-05,102673.0
2022-09-06,102673.0
2022-09-07,103031.0
2022-09-08,102577.0
2022-09-09,103109.0
2022-09-13,103290.0
2022-09-14,103610.0
2022-09-15,102923.0
2022-09-16,102325.0
2022-09-19,102436.0
2022-09-20,102430.0
2022-09-21,102494.0
2022-09-22,102716.0
2022-09-23,101768.0
2022-09-26,101716.0
2022-09-27,102036.0
2022-09-28,101487.0
2022-09-29,101737.0
2022-09-30,101021.0
2022-10-10,100573.0
2022-10-11,100607.0
2022-10-12,100139.0
2022-10-13,100885.0
2022-10-14,101358.0
2022-10-17,101470.0
2022-10-18,101743.0
2022-10-19,101390.0
2022-10-20,100929.0
2022-10-21,100982.0
2022-10-24,100687.0
2022-10-25,100013.0
2022-10-26,100710.0
2022-10-27,100188.0
2022-10-28,99706.0
2022-10-31,99853.0
2022-11-01,100189.0
2022-11-02,99468.0
2022-11-03,100256.0
2022-11-04,100484.0
2022-11-07,100792.0
2022-11-08,100697.0
2022-11-09,101008.0
2022-11-10,101292.0
2022-11-11,101407.0
2022-11-14,101181.0
2022-11-15,102566.0
2022-11-16,102432.0
2022-11-17,102346.0
2022-11-18,102511.0
2022-11-21,103515.0
2022-11-22,103521.0
2022-11-23,104351.0
2022-11-24,104337.0
2022-11-25,104088.0
2022-11-28,104108.0
2022-11-29,103991.0
2022-11-30,103827.0
2022-12-01,104282.0
2022-12-02,104702.0
2022-12-05,104403.0
2022-12-06,104520.0
2022-12-07,104474.0
2022-12-08,104470.0
2022-12-09,104242.0
2022-12-12,104399.0
2022-12-13,103876.0
2022-12-14,103811.0
2022-12-15,104088.0
2022-12-16,103697.0
2022-12-19,103481.0
2022-12-20,103238.0
2022-12-21,103188.0
2022-12-22,103188.0
2022-12-23,103110.0
2022-12-26,103029.0
2022-12-27,102997.0
2022-12-28,102697.0
2022-12-29,102773.0
2022-12-30,102561.0
2023-01-03,102919.0
2023-01-04,102521.0
2023-01-05,102831.0
2023-01-06,103532.0
2023-01-09,103525.0
2023-01-10,103635.0
2023-01-11,103586.0
2023-01-12,103499.0
2023-01-13,103440.0
2023-01-16,104383.0
2023-01-17,104646.0
2023-01-18,104466.0
2023-01-19,105276.0
2023-01-20,105356.0
2023-01-30,105368.0
2023-01-31,105477.0
2023-02-01,105477.0
2023-02-02,105477.0
2023-02-03,105477.0
2023-02-06,105477.0
2023-02-07,105477.0
2023-02-08,105477.0
2023-02-09,105477.0
2023-02-10,105477.0
2023-02-13,105477.0
2023-02-14,105477.0
2023-02-15,105778.0
2023-02-16,105223.0
2023-02-17,105201.0
2023-02-20,105210.0
2023-02-21,105278.0
2023-02-22,105213.0
2023-02-23,105278.0
2023-02-24,105168.0
2023-02-27,105039.0
2023-02-28,105118.0
2023-03-01,105375.0
2023-03-02,105048.0
2023-03-03,104670.0
2023-03-06,104772.0
2023-03-07,104255.0
2023-03-08,104169.0
2023-03-09,104162.0
2023-03-10,103922.0
2023-03-13,103863.0
2023-03-14,103725.0
2023-03-15,103965.0
2023-03-16,103168.0
2023-03-17,102972.0
2023-03-20,103107.0
2023-03-21,103469.0
2023-03-22,103503.0
2023-03-23,103306.0
2023-03-24,103233.0
2023-03-27,103349.0
2023-03-28,102939.0
2023-03-29,103001.0
2023-03-30,103112.0
2023-03-31,103526.0
2023-04-03,102945.0
2023-04-04,102210.0
2023-04-06,102183.0
2023-04-07,102302.0
2023-04-10,102399.0
2023-04-11,102233.0
2023-04-12,102031.0
2023-04-13,102653.0
2023-04-14,102935.0
2023-04-17,103160.0
2023-04-18,103256.0
2023-04-19,103023.0
2023-04-20,102382.0
2023-04-21,101514.0
2023-04-24,101242.0
2023-04-25,99765.0
2023-04-26,100255.0
2023-04-27,100124.0
2023-04-28,100181.0
2023-05-04,100252.0
2023-05-05,99732.0
2023-05-08,99633.0
2023-05-09,99385.0
2023-05-10,99479.0
2023-05-11,99459.0
2023-05-12,99139.0
2023-05-15,99161.0
2023-05-16,99187.0
2023-05-17,99109.0
2023-05-18,98963.0
2023-05-19,99039.0
2023-05-22,99099.0
2023-05-23,99049.0
2023-05-24,99047.0
2023-05-25,99013.0
2023-05-26,98914.0
2023-05-29,98914.0
2023-05-30,98914.0
2023-05-31,98914.0
2023-06-01,98914.0
2023-06-02,99270.0
2023-06-05,98884.0
2023-06-06,98404.0
2023-06-07,97948.0
2023-06-08,98010.0
2023-06-09,98185.0
2023-06-12,98068.0
2023-06-13,98052.0
2023-06-14,97001.0
2023-06-15,97990.0
2023-06-16,98040.0
2023-06-19,97975.0
2023-06-20,97837.0
2023-06-21,97219.0
2023-06-26,96643.0
2023-06-27,97165.0
2023-06-28,97412.0
2023-06-29,96913.0
2023-06-30,97877.0
2023-07-03,98592.0
2023-07-04,98979.0
2023-07-05,98270.0
2023-07-06,98509.0
2023-07-07,98735.0
2023-07-10,98639.0
2023-07-11,98187.0
2023-07-12,98065.0
2023-07-13,97951.0
2023-07-14,97840.0
2023-07-17,97909.0
2023-07-18,98331.0
2023-07-19,97835.0
2023-07-20,97615.0
2023-07-21,97837.0
2023-07-24,97775.0
2023-07-25,97974.0
2023-07-26,97633.0
2023-07-27,97361.0
2023-07-28,97399.0
2023-07-31,97465.0
2023-08-01,97337.0
2023-08-02,98232.0
2023-08-03,97957.0
2023-08-04,97488.0
2023-08-07,97466.0
2023-08-08,96947.0
2023-08-09,97056.0
2023-08-10,97627.0
2023-08-11,97022.0
2023-08-14,96692.0
2023-08-15,96389.0
2023-08-16,96149.0
2023-08-17,96336.0
2023-08-18,95989.0
2023-08-21,95479.0
2023-08-22,95421.0
2023-08-23,94980.0
2023-08-24,95063.0
2023-08-25,94543.0
2023-08-28,94567.0
2023-08-29,95309.0
2023-08-30,95557.0
2023-08-31,95347.0
2023-09-01,95115.0
2023-09-04,95466.0
2023-09-05,95731.0
2023-09-06,96070.0
2023-09-07,95639.0
2023-09-08,95632.0
2023-09-11,95670.0
2023-09-12,95775.0
2023-09-13,95484.0
2023-09-14,95219.0
2023-09-15,95219.0
2023-09-18,95219.0
2023-09-19,95219.0
2023-09-20,95219.0
2023-09-21,95050.0
2023-09-22,95262.0
2023-09-25,95185.0
2023-09-26,94846.0
2023-09-27,95055.0
2023-09-28,95415.0
2023-10-09,94964.0
2023-10-10,94430.0
2023-10-11,94771.0
2023-10-12,95040.0
2023-10-13,94904.0
2023-10-16,94223.0
2023-10-17,94265.0
2023-10-18,94268.0
2023-10-19,94257.0
2023-10-20,94958.0
2023-10-23,95226.0
2023-10-24,95347.0
2023-10-25,95172.0
2023-10-26,95116.0
2023-10-27,95703.0
2023-10-30,95948.0
2023-10-31,95680.0
2023-11-01,95410.0
2023-11-02,95083.0
2023-11-03,95482.0
2023-11-06,96119.0
2023-11-07,96178.0
2023-11-08,96031.0
2023-11-09,95801.0
2023-11-10,95763.0
2023-11-13,95856.0
2023-11-14,95852.0
2023-11-15,95938.0
2023-11-16,95441.0
2023-11-17,95721.0
2023-11-20,96211.0
2023-11-21,96108.0
2023-11-22,95746.0
2023-11-23,96216.0
2023-11-24,95730.0
2023-11-27,95940.0
2023-11-28,96321.0
2023-11-29,96885.0
2023-11-30,96601.0
2023-12-01,96357.0
2023-12-04,96255.0
2023-12-05,96036.0
2023-12-06,96249.0
2023-12-07,95981.0
2023-12-08,95637.0
2023-12-11,95649.0
2023-12-12,95586.0
2023-12-13,95134.0
2023-12-14,95199.0
2023-12-15,95078.0
2023-12-18,94878.0
2023-12-19,95030.0
2023-12-20,94788.0
2023-12-21,95053.0
2023-12-22,94820.0
2023-12-25,94805.0
2023-12-26,94950.0
2023-12-27,94955.0
2023-12-28,96066.0
2023-12-29,96408.0
2024-01-02,96061.0
2024-01-03,95506.0
2024-01-04,94842.0
2024-01-05,94585.0
2024-01-08,94385.0
2024-01-09,93979.0
2024-01-10,93942.0
2024-01-11,94319.0
2024-01-12,94620.0
2024-01-15,94564.0
2024-01-16,94340.0
2024-01-17,93815.0
2024-01-18,94081.0
2024-01-19,94391.0
2024-01-22,94320.0
2024-01-23,94351.0
2024-01-24,94286.0
2024-01-25,95090.0
2024-01-26,95024.0
2024-01-29,94158.0
2024-01-30,93284.0
2024-01-31,92871.0
2024-02-01,92474.0
2024-02-02,94228.0
2024-02-05,92123.0
2024-02-06,92544.0
2024-02-07,91665.0
2024-02-08,93833.0
2024-02-19,96065.0
2024-02-20,96595.0
2024-02-21,96957.0
2024-02-22,97235.0
2024-02-23,97960.0
2024-02-26,98532.0
2024-02-27,99190.0
2024-02-28,97739.0
2024-02-29,98556.0
2024-03-01,98646.0
2024-03-04,98283.0
2024-03-05,98090.0
2024-03-06,98111.0
2024-03-07,97991.0
2024-03-08,98308.0
2024-03-11,98914.0
2024-03-12,98669.0
2024-03-13,98639.0
2024-03-14,98356.0
2024-03-15,98328.0
2024-03-18,98442.0
2024-03-19,98131.0
2024-03-20,98322.0
2024-03-21,98078.0
2024-03-22,97934.0
2024-03-25,97898.0
2024-03-26,99345.0
2024-03-27,98297.0
2024-03-28,98316.0
2024-03-29,98832.0
2024-04-01,101038.0
2024-04-02,101158.0
2024-04-03,100859.0
2024-04-08,100189.0
2024-04-09,101140.0
2024-04-10,101256.0
2024-04-11,100778.0
2024-04-12,97936.0
2024-04-15,97190.0
2024-04-16,96786.0
2024-04-17,96786.0
2024-04-18,96786.0
2024-04-19,96786.0
2024-04-22,96786.0
2024-04-23,96786.0
2024-04-24,96786.0
2024-04-25,96786.0
2024-04-26,96653.0
2024-04-29,96773.0
2024-04-30,96959.0
2024-05-06,97551.0
2024-05-07,97109.0
2024-05-08,96895.0
2024-05-09,97223.0
2024-05-10,97167.0
2024-05-13,97041.0
2024-05-14,96965.0
2024-05-15,96807.0
2024-05-16,96761.0
2024-05-17,96871.0
2024-05-20,97199.0
2024-05-21,97107.0
2024-05-22,97143.0
2024-05-23,96979.0
2024-05-24,96744.0
2024-05-27,96974.0
2024-05-28,96718.0
2024-05-29,97398.0
2024-05-30,97386.0
2024-05-31,97057.0
2024-06-03,96574.0
2024-06-04,94699.0
2024-06-05,94758.0
2024-06-06,93784.0
2024-06-07,93796.0
2024-06-11,93683.0
2024-06-12,93806.0
2024-06-13,93855.0
2024-06-14,93737.0
2024-06-17,94311.0
2024-06-18,94356.0
2024-06-19,94327.0
2024-06-20,94302.0
2024-06-21,94247.0
2024-06-24,94279.0
2024-06-25,94246.0
2024-06-26,94276.0
2024-06-27,94291.0
2024-06-28,94420.0
2024-07-01,94640.0
2024-07-02,94655.0
2024-07-03,94538.0
2024-07-04,94409.0
2024-07-05,94652.0
2024-07-08,94239.0
2024-07-09,94463.0
2024-07-10,94505.0
2024-07-11,95141.0
2024-07-12,95096.0
2024-07-15,94370.0
2024-07-16,94759.0
2024-07-17,95322.0
2024-07-18,95606.0
2024-07-19,95722.0
2024-07-22,95597.0
2024-07-23,95105.0
2024-07-24,94935.0
2024-07-25,95010.0
2024-07-26,95125.0
2024-07-29,95013.0
2024-07-30,95040.0
2024-07-31,95484.0
2024-08-01,95534.0
2024-08-02,95345.0
2024-08-05,94315.0
2024-08-06,94585.0
2024-08-07,94450.0
2024-08-08,94370.0
2024-08-09,94245.0
2024-08-12,94170.0
2024-08-13,94226.0
2024-08-14,94009.0
2024-08-15,94094.0
2024-08-16,93701.0
2024-08-19,93701.0
2024-08-20,93551.0
2024-08-21,93196.0
2024-08-22,93386.0
2024-08-23,92826.0
2024-08-26,94106.0
2024-08-27,93751.0
2024-08-28,93411.0
2024-08-29,93208.0
2024-08-30,93287.0
2024-09-02,92968.0
2024-09-03,93137.0
2024-09-04,93256.0
2024-09-05,93242.0
2024-09-06,92687.0
2024-09-09,92308.0
2024-09-10,92476.0
2024-09-11,92584.0
2024-09-12,92406.0
2024-09-13,91820.0
2024-09-18,92004.0
2024-09-19,92240.0
2024-09-20,92085.0
2024-09-23,91929.0
2024-09-24,92339.0
2024-09-25,92569.0
2024-09-26,94123.0
2024-09-27,98524.0
2024-09-30,102184.0
2024-10-08,102206.0
2024-10-09,102206.0
2024-10-10,102206.0
2024-10-11,102206.0
2024-10-14,102206.0
2024-10-15,102206.0
2024-10-16,102206.0
2024-10-17,102206.0
2024-10-18,102206.0
2024-10-21,102206.0
2024-10-22,101178.0
2024-10-23,102534.0
2024-10-24,101420.0
2024-10-25,103385.0
2024-10-28,102835.0
2024-10-29,101500.0
2024-10-30,101158.0
2024-10-31,101359.0
2024-11-01,101191.0
2024-11-04,100880.0
2024-11-05,101744.0
2024-11-06,102942.0
2024-11-07,104891.0
2024-11-08,103776.0
2024-11-11,106108.0
2024-11-12,105870.0
2024-11-13,105759.0
2024-11-14,104641.0
2024-11-15,103460.0
2024-11-18,103541.0
2024-11-19,104502.0
2024-11-20,105749.0
2024-11-21,105106.0
2024-11-22,103945.0
2024-11-25,104861.0
2024-11-26,103386.0
2024-11-27,104298.0
2024-11-28,104246.0
2024-11-29,104500.0
2024-12-02,104913.0
2024-12-03,104629.0
2024-12-04,103968.0
2024-12-05,104355.0
2024-12-06,104447.0
2024-12-09,104549.0
2024-12-10,105135.0
2024-12-11,105008.0
2024-12-12,105010.0
2024-12-13,104756.0
2024-12-16,104708.0
2024-12-17,104569.0
2024-12-18,104665.0
2024-12-19,104676.0
2024-12-20,104839.0
2024-12-23,104375.0
2024-12-24,104309.0
2024-12-25,103968.0
2024-12-26,104111.0
2024-12-27,104243.0
2024-12-30,104593.0
2024-12-31,104085.0
2025-01-02,103657.0
2025-01-03,103041.0
2025-01-06,103041.0
2025-01-07,103041.0
2025-01-08,102822.0
2025-01-09,103011.0
2025-01-10,102566.0
2025-01-13,102836.0
2025-01-14,103714.0
2025-01-15,103450.0
2025-01-16,103204.0
2025-01-17,103304.0
2025-01-20,103957.0
2025-01-21,103711.0
2025-01-22,103323.0
2025-01-23,102904.0
2025-01-24,103777.0
2025-01-27,102888.0
2025-02-05,102838.0
2025-02-06,103918.0
2025-02-07,104695.0
2025-02-10,104709.0
2025-02-11,104887.0
2025-02-12,105657.0
2025-02-13,106098.0
2025-02-14,106345.0
2025-02-17,106536.0
2025-02-18,106820.0
2025-02-19,107204.0
2025-02-20,107545.0
2025-02-21,108510.0
2025-02-24,108383.0
2025-02-25,108274.0
2025-02-26,109398.0
2025-02-27,110349.0
2025-02-28,109706.0
2025-03-03,111000.0
2025-03-04,110075.0
2025-03-05,110169.0
2025-03-06,110781.0
2025-03-07,110089.0
2025-03-10,110953.0
2025-03-11,111063.0
2025-03-12,111072.0
2025-03-13,110599.0
2025-03-14,110815.0
2025-03-17,111007.0
2025-03-18,111126.0
2025-03-19,110989.0
2025-03-20,110368.0
2025-03-21,110070.0
2025-03-24,110249.0
2025-03-25,110145.0
2025-03-26,110411.0
2025-03-27,110554.0
2025-03-28,109959.0
2025-03-31,109503.0
2025-04-01,109562.0
2025-04-02,109710.0
2025-04-03,108952.0
2025-04-07,102050.0
2025-04-08,103518.0
2025-04-09,103816.0
2025-04-10,104541.0
2025-04-11,104990.0
2025-04-14,105368.0
2025-04-15,105716.0
2025-04-16,105395.0
2025-04-17,105500.0
2025-04-18,105734.0
2025-04-21,105715.0
2025-04-22,105665.0
2025-04-23,105862.0
2025-04-24,106072.0
2025-04-25,106045.0
2025-04-28,106855.0
2025-04-29,107081.0
2025-04-30,106648.0
2025-05-06,107022.0
2025-05-07,106888.0
2025-05-08,106889.0
2025-05-09,106449.0
2025-05-12,107212.0
2025-05-13,107798.0
2025-05-14,107533.0
2025-05-15,107109.0
2025-05-16,107165.0
2025-05-19,107450.0
2025-05-20,106693.0
2025-05-21,107396.0
2025-05-22,106290.0
2025-05-23,107174.0
2025-05-26,107396.0
2025-05-27,108308.0
2025-05-28,107909.0
2025-05-29,107724.0
2025-05-30,106455.0
2025-06-03,106749.0
2025-06-04,107827.0
2025-06-05,107964.0
2025-06-06,107270.0
2025-06-09,108504.0
2025-06-10,108066.0
2025-06-11,107792.0
2025-06-12,108144.0
2025-06-13,108324.0
2025-06-16,107986.0
2025-06-17,108848.0
2025-06-18,108896.0
2025-06-19,108108.0
2025-06-20,108074.0
2025-06-23,107724.0
2025-06-24,109919.0
2025-06-25,111302.0
2025-06-26,111795.0
2025-06-27,111717.0
2025-06-30,112026.0
2025-07-01,111964.0
2025-07-02,111744.0
2025-07-03,111880.0
2025-07-04,111277.0
2025-07-07,111304.0
2025-07-08,111484.0
2025-07-09,111850.0
2025-07-10,111246.0
2025-07-11,110946.0
2025-07-14,110802.0
2025-07-15,111008.0
2025-07-16,110515.0
2025-07-17,110719.0
2025-07-18,111821.0
2025-07-21,112355.0
2025-07-22,112378.0
2025-07-23,111887.0
2025-07-24,112317.0
2025-07-25,112666.0
2025-07-28,113081.0
2025-07-29,113349.0
2025-07-30,112513.0
2025-07-31,112999.0
2025-08-01,113391.0
2025-08-04,114108.0
2025-08-05,114313.0
2025-08-06,114641.0
2025-08-07,113784.0
2025-08-08,113783.0
2025-08-11,114391.0
2025-08-12,114195.0
2025-08-13,115483.0
2025-08-14,115022.0
2025-08-15,115983.0
2025-08-18,117240.0
2025-08-19,117005.0
2025-08-20,117196.0
2025-08-21,116345.0
2025-08-22,117416.0
2025-08-25,117843.0
2025-08-26,117497.0
2025-08-27,116970.0
2025-08-28,118275.0
2025-08-29,118529.0
2025-09-01,118892.0
2025-09-02,119511.0
2025-09-03,118567.0
2025-09-04,117833.0
2025-09-05,121513.0
2025-09-08,123222.0
2025-09-09,124489.0
2025-09-10,124127.0
2025-09-11,125117.0
2025-09-12,123217.0
2025-09-15,124639.0
2025-09-16,124132.0
2025-09-17,124272.0
2025-09-18,123477.0
2025-09-19,123281.0
2025-09-22,123795.0
2025-09-23,122918.0
2025-09-24,125242.0
2025-09-25,123232.0
2025-09-26,121595.0
2025-09-29,123058.0
2025-09-30,123200.0
2025-10-09,123286.0
2025-10-10,121315.0
2025-10-13,121351.0
2025-10-14,120060.0
2025-10-15,120402.0
2025-10-16,119511.0
2025-10-17,118408.0
2025-10-20,118672.0
2025-10-21,118794.0
2025-10-22,118763.0
2025-10-23,118598.0
2025-10-24,118942.0
2025-10-27,118937.0
2025-10-28,118817.0
2025-10-29,119680.0
2025-10-30,119055.0
2025-10-31,119253.0
2025-11-03,118320.0
2025-11-04,117960.0
2025-11-05,118031.0
2025-11-06,118246.0
2025-11-07,118189.0
2025-11-10,117140.0
2025-11-11,117231.0
2025-11-12,117141.0
2025-11-13,117141.0
2025-11-14,115882.0
2025-11-17,116706.0
2025-11-18,116976.0
2025-11-19,116141.0
2025-11-20,115775.0
2025-11-21,114153.0
2025-11-24,114153.0
2025-11-25,114153.0
2025-11-26,114153.0
2025-11-27,114153.0
2025-11-28,114120.0
2025-12-01,114055.0
2025-12-02,113967.0
2025-12-03,114075.0
2025-12-04,114092.0
2025-12-05,113885.0
2025-12-08,114853.0
2025-12-09,114891.0
2025-12-10,115220.0
2025-12-11,115026.0
2025-12-12,117445.0
2025-12-15,115986.0
2025-12-16,115619.0
2025-12-17,116095.0
2025-12-18,115915.0
2025-12-19,115861.0
2025-12-22,116539.0
2025-12-23,117099.0
2025-12-24,117108.0
2025-12-25,116954.0
2025-12-26,116949.0
2025-12-29,116738.0
2025-12-30,116855.0
2025-12-31,116196.0
2026-01-05,118115.0
2026-01-06,119148.0
2026-01-07,119866.0
2026-01-08,119758.0
2026-01-09,122026.0
2026-01-12,122213.0
2026-01-13,122294.0
2026-01-14,123418.0
2026-01-15,124846.0
2026-01-16,124746.0
2026-01-19,124303.0
2026-01-20,122958.0
2026-01-21,123636.0
2026-01-22,123135.0
2026-01-23,124954.0
2026-01-26,123892.0
2026-01-27,124670.0
2026-01-28,124103.0
2026-01-29,123049.0
2026-01-30,123186.0
2026-02-02,122986.0
2026-02-03,123466.0
2026-02-04,123329.0
2026-02-05,123152.0
2026-02-06,122889.0
2026-02-09,122871.0
2026-02-10,122447.0
2026-02-11,121775.0
2026-02-12,122302.0
2026-02-13,123607.0
2026-02-24,122884.0
2026-02-25,123001.0
2026-02-26,122256.0
2026-02-27,122378.0
2026-03-02,122505.0
2026-03-03,122132.0
2026-03-04,122430.0
2026-03-05,122078.0
2026-03-06,121882.0
2026-03-09,120997.0
2026-03-10,121465.0
2026-03-11,122418.0
2026-03-12,121769.0
2026-03-13,121199.0
2026-03-16,120826.0
2026-03-17,119865.0
2026-03-18,119784.0
2026-03-19,118690.0
2026-03-20,119377.0
2026-03-23,118264.0
2026-03-24,118550.0
2026-03-25,119141.0
2026-03-26,119319.0
2026-03-27,120077.0
2026-03-30,120211.0
2026-03-31,119537.0
2026-04-01,120046.0
2026-04-02,119256.0
2026-04-03,119196.0
2026-04-07,119820.0
2026-04-08,120032.0
2026-04-09,120301.0
2026-04-10,120093.0
2026-04-13,120301.0
2026-04-14,120640.0
2026-04-15,120284.0
2026-04-16,120420.0
2026-04-17,122139.0
2026-04-20,122214.0
2026-04-21,122267.0
2026-04-22,122824.0
2026-04-23,121826.0
2026-04-24,121609.0
2026-04-27,121235.0
2026-04-28,121552.0
2026-04-29,122018.0
2026-04-30,123618.0
